timestamp,retailer,category,section,brand,product_name,pack_size,flavor,retailer_sku,canonical_url,status,price,currency,source,baseline,baseline_db,regular_price,pct_off,deal_strength,price_per_unit,unit_source,image_url,availability_raw,availability_norm,pickup_available,shipping_available
2026-10-02T18:36:49.186651+00:00,Target,Bars,Food,Quest,Quest Hero Protein Bar,12,Chocolate Caramel Pecan,89846538,https://www.target.com/p/quest-nutrition-15g-hero-protein-bar-crispy-chocolate-caramel-pecan/-/A-89846538,ok,19.59,USD,"dom:[data-test=""module-product-detail-price-v2""] [data-test=""text-quill-insert-0""]",26.49,26.49,,0.2604756511891279,💎 Diamond Deal,1.6325,db,https://target.scene7.com/is/image/Target/GUEST_9de4655b-9ceb-4efc-9455-674a2d31c486?wid=600&hei=600&qlt=80,online_only,online_only,0,1
2026-10-02T18:31:46.694731+00:00,Meijer,Bars,Food,KIND,KIND Bar,6,Dark Chocolate Nuts & Sea Salt,60265227028,https://www.meijer.com/shopping/product/-/60265227028.html,ok,5.99,USD,graphql,7.99,7.99,,0.2503128911138924,💎 Diamond Deal,0.9983,db,https://www.kroger.com/product/images/xlarge/front/0060265227028,in_store,in_store,1,0
2026-10-02T18:32:14.871531+00:00,Meijer,Bars,Food,KIND,KIND Bar,6,Caramel Almond & Sea Salt,60265227029,https://www.meijer.com/shopping/product/-/60265227029.html,ok,5.99,USD,graphql,7.99,7.99,,0.2503128911138924,💎 Diamond Deal,0.9983,db,https://www.kroger.com/product/images/xlarge/front/0060265227029,in_store,in_store,1,0
2026-10-02T18:32:16.967577+00:00,Meijer,Bars,Food,KIND,KIND Bar,6,Cranberry Almond,60265227150,https://www.meijer.com/shopping/product/-/60265227150.html,ok,5.99,USD,graphql,7.99,7.99,,0.2503128911138924,💎 Diamond Deal,0.9983,db,https://www.kroger.com/product/images/xlarge/front/0060265227150,in_store,in_store,1,0
2026-10-02T18:32:17.965920+00:00,Meijer,Bars,Food,KIND,KIND Bar,6,Dark Chocolate Cherry Cashew,60265227142,https://www.meijer.com/shopping/product/-/60265227142.html,ok,5.99,USD,graphql,7.99,7.99,,0.2503128911138924,💎 Diamond Deal,0.9983,db,https://www.kroger.com/product/images/xlarge/front/0060265227142,in_store,in_store,1,0
2026-10-02T18:32:19.218572+00:00,Meijer,Bars,Food,KIND,KIND Bar,6,Peanut Butter Dark Chocolate,60265227134,https://www.meijer.com/shopping/product/-/60265227134.html,ok,5.99,USD,graphql,7.99,7.99,,0.2503128911138924,💎 Diamond Deal,0.9983,db,https://www.kroger.com/product/images/xlarge/front/0060265227134,in_store,in_store,1,0
2026-10-02T18:26:09.875024+00:00,Harris Teeter,Bars,Food,Aloha,ALOGA Vegan Protein Bar,1,Peanut Butter Chocolate,0084209610083,https://www.harristeeter.com/p/aloha-organic-peanut-butter-chocolate-chip-protein-bar-1-98-oz/0084209610083,ok,2.25,USD,kroger_api,2.99,2.99,2.99,0.24749163879598668,🔥 Fire Deal,2.2500,db,https://www.kroger.com/product/images/xlarge/front/0084209610083,both,both,1,1
2026-10-02T18:26:13.053094+00:00,Harris Teeter,Bars,Food,Aloha,ALOGA Vegan Protein Bar,1,Chocolate Chip Cookie Dough,0084209610610,https://www.harristeeter.com/p/aloha-organic-chocolate-chip-cookie-dough-protein-bar-1-98-oz/0084209610610,ok,2.25,USD,kroger_api,2.99,2.99,2.99,0.24749163879598668,🔥 Fire Deal,2.2500,db,https://www.kroger.com/product/images/xlarge/front/0084209610610,both,both,1,1
2026-10-02T18:26:16.222855+00:00,Harris Teeter,Bars,Food,Aloha,ALOGA Vegan Protein Bar,1,Coconut Chocolate,0084209610910,https://www.harristeeter.com/p/aloha-coconut-chocolate-protein-bar/0084209610910,ok,2.25,USD,kroger_api,2.99,2.99,2.99,0.24749163879598668,🔥 Fire Deal,2.2500,db,https://www.kroger.com/product/images/xlarge/front/0084209610910,both,both,1,1
2026-10-02T18:26:17.717871+00:00,Harris Teeter,Bars,Food,Aloha,ALOGA Vegan Protein Bar,1,Peanut Butter Cup,0084209610110,https://www.harristeeter.com/p/aloha-peanut-butter-cup-plant-based-protein-bar/0084209610110,ok,2.25,USD,kroger_api,2.99,2.99,2.99,0.24749163879598668,🔥 Fire Deal,2.2500,db,https://www.kroger.com/product/images/xlarge/front/0084209610110,both,both,1,1
2026-10-02T18:25:52.411770+00:00,Harris Teeter,Bars,Food,KIND,KIND Bar,12,Dark Chocolate Nuts & Sea Salt,0060265218665,https://www.harristeeter.com/p/kind-dark-chocolate-nuts-sea-salt-nut-bars/0060265218665,ok,12.99,USD,kroger_api,16.99,16.99,16.99,0.23543260741612704,🔥 Fire Deal,1.0825,db,https://www.kroger.com/product/images/xlarge/front/0060265218665,both,both,1,1
2026-10-02T18:25:55.550012+00:00,Harris Teeter,Bars,Food,KIND,KIND Bar,12,Caramel Almond & Sea Salt,0060265219935,https://www.harristeeter.com/p/kind-caramel-almond-sea-salt-nut-bars/0060265219935,ok,12.99,USD,kroger_api,16.99,16.99,16.99,0.23543260741612704,🔥 Fire Deal,1.0825,db,https://www.kroger.com/product/images/xlarge/front/0060265219935,both,both,1,1
2026-10-02T18:26:03.517995+00:00,Harris Teeter,Bars,Food,KIND,KIND Bar,12,Peanut Butter Dark Chocolate,0060265218664,https://www.harristeeter.com/p/kind-peanut-butter-dark-chocolate-snack-bars/0060265218664,ok,12.99,USD,kroger_api,16.99,16.99,16.99,0.23543260741612704,🔥 Fire Deal,1.0825,db,https://www.kroger.com/product/images/xlarge/front/0060265218664,both,both,1,1
2026-10-02T18:21:06.705950+00:00,Kroger,Cookies & Sweets,Food,Catalina Crunch,Catalina Crunch Snack Mix,1,Cheddar,0085001746816,https://www.kroger.com/p/catalina-crunch-cheddar-protein-snack-mix/0085001746816,ok,4.99,USD,kroger_api,6.49,6.49,6.49,0.23112480739599384,🔥 Fire Deal,4.9900,db,https://www.kroger.com/product/images/xlarge/front/0085001746816,both,both,1,1
2026-10-02T18:21:08.109786+00:00,Kroger,Cookies & Sweets,Food,Catalina Crunch,Catalina Crunch Snack Mix,1,Spicy,0085001746815,https://www.kroger.com/p/catalina-crunch-protein-snack-mix-spicy-5-25-oz/0085001746815,ok,4.99,USD,kroger_api,6.49,6.49,6.49,0.23112480739599384,🔥 Fire Deal,4.9900,db,https://www.kroger.com/product/images/xlarge/front/0085001746815,both,both,1,1
2026-10-02T18:21:12.505447+00:00,Kroger,Cookies & Sweets,Food,Catalina Crunch,Catalina Crunch Snack Mix,1,Traditional,0085001746813,https://www.kroger.com/p/catalina-crunch-traditional-high-protein-snack-mix/0085001746813,ok,4.99,USD,kroger_api,6.49,6.49,6.49,0.23112480739599384,🔥 Fire Deal,4.9900,db,https://www.kroger.com/product/images/xlarge/front/0085001746813,both,both,1,1
2026-10-02T18:23:27.401045+00:00,Kroger,Cookies & Sweets,Food,Catalina Crunch,Catalina Crunch Snack Mix,1,Honey Mustard,0085004411207,https://www.kroger.com/p/catalina-crunch-honey-mustard-protein-snack-mix/0085004411207,ok,4.99,USD,kroger_api,6.49,6.49,6.49,0.23112480739599384,🔥 Fire Deal,4.9900,db,https://www.kroger.com/product/images/xlarge/front/0085004411207,both,both,1,1
2026-10-02T18:24:47.974037+00:00,Harris Teeter,Energy Drink,Drinks,Alani NU,Alani Nu Energy Drink,1,Cherry Slush,0081003051225,https://www.harristeeter.com/p/alani-nu-cherry-slush-sugar-free-energy-drink-can/0081003051225,ok,2.5,USD,kroger_api,3.19,3.19,3.19,0.21630094043887146,🔥 Fire Deal,2.5000,db,https://www.kroger.com/product/images/xlarge/front/0081003051225,both,both,1,1
2026-10-02T18:24:49.442379+00:00,Harris Teeter,Energy Drink,Drinks,Alani NU,Alani Nu Energy Drink,1,Orange Kiss,0085064500836,https://www.harristeeter.com/p/alani-nu-orange-kiss-sugar-free-energy-drink-can/0085064500836,ok,2.5,USD,kroger_api,3.19,3.19,3.19,0.21630094043887146,🔥 Fire Deal,2.5000,db,https://www.kroger.com/product/images/xlarge/front/0085064500836,both,both,1,1
2026-10-02T18:24:51.436086+00:00,Harris Teeter,Energy Drink,Drinks,Alani NU,Alani Nu Energy Drink,1,Cosmic Stardust,0081003051002,https://www.harristeeter.com/p/alani-nu-cosmic-stardust-sugar-free-energy-drink-can/0081003051002,ok,2.5,USD,kroger_api,3.19,3.19,3.19,0.21630094043887146,🔥 Fire Deal,2.5000,db,https://www.kroger.com/product/images/xlarge/front/0081003051002,both,both,1,1
2026-10-02T18:24:54.493014+00:00,Harris Teeter,Energy Drink,Drinks,Alani NU,Alani Nu Energy Drink,1,Juicy Peach,0081003051382,https://www.harristeeter.com/p/alani-nu-juicy-peach-sugar-free-energy-drink-can/0081003051382,ok,2.5,USD,kroger_api,3.19,3.19,3.19,0.21630094043887146,🔥 Fire Deal,2.5000,db,https://www.kroger.com/product/images/xlarge/front/0081003051382,both,both,1,1
2026-10-02T18:24:55.886010+00:00,Harris Teeter,Energy Drink,Drinks,Alani NU,Alani Nu Energy Drink,1,Hawaiian Shaved Ice,0085064500838,https://www.harristeeter.com/p/alani-nu-hawaiian-shaved-ice-sugar-free-energy-drink-can/0085064500838,ok,2.5,USD,kroger_api,3.19,3.19,3.19,0.21630094043887146,🔥 Fire Deal,2.5000,db,https://www.kroger.com/product/images/xlarge/front/0085064500838,both,both,1,1
2026-10-02T18:24:57.433381+00:00,Harris Teeter,Energy Drink,Drinks,Alani NU,Alani Nu Energy Drink,1,Breezeberry,0081003051105,https://www.harristeeter.com/p/alani-nu-breezeberry-sugar-free-energy-drink-can/0081003051105,ok,2.5,USD,kroger_api,3.19,3.19,3.19,0.21630094043887146,🔥 Fire Deal,2.5000,db,https://www.kroger.com/product/images/xlarge/front/0081003051105,both,both,1,1
2026-10-02T18:40:10.673078+00:00,Target,Bars,Food,ONE,ONE Protein Bar,12,Blueberry Cobbler,80354236,https://www.target.com/p/one-bar-protein-bar-blueberry-cobbler/-/A-80354236,ok,19.99,USD,"dom:[data-test=""module-product-detail-price-v2""] [data-test=""text-quill-insert-0""]",24.99,24.99,,0.20008003201280514,🔥 Fire Deal,1.6658,db,https://target.scene7.com/is/image/Target/GUEST_58445e53-7b0c-4d2f-900f-bbffe7d38cf6?wid=600&hei=600&qlt=80,online_only,online_only,,1
2026-10-02T18:00:08.977190+00:00,Walmart,Protein Powder,Food,Optimum Nutrition,Optimum Nutrition Whey Protein Powder,1,Vanilla,8053802024,https://www.walmart.com/ip/Optimum-Nutrition-Gold-Standard-100-Whey-Protein-Powder-Vanilla-Ice-Cream-1-5lb-Tub/8053802024?fulfillmentIntent=In-store&filters=%5B%7B%22intent%22%3A%22fulfillmentIntent%22%2C%22values%22%3A%5B%22In-store%22%5D%7D%5D&classType=VARIANT&athbdg=L1102&from=/search,ok,27.94,USD,dom_hero,33.97,33.97,,0.17750956726523395,💪 Strong Deal,27.9400,db,https://i5.walmartimages.com/seo/Optimum-Nutrition-Gold-Standard-100-Whey-Protein-Powder-Vanilla-Ice-Cream-1-5lb-Tub_3dcf92c7-ba5c-49f9-83fb-92786bf8b443.0e9a8a2cadcbc82ab471b1b84e4696c3.jpeg?odnHeight=573&odnWidth=573&odnBg=FFFFFF,in_store,in_store,1,0
2026-10-02T18:27:31.675832+00:00,Harris Teeter,Bars,Food,Larabar,Larabar,18,Variety - Fruity,0002190813296,https://www.harristeeter.com/p/larabar-fruit-lovers-variety-pack/0002190813296?fulfillment=PICKUP,ok,18.99,USD,kroger_api,22.99,22.99,22.99,0.17398869073510223,💪 Strong Deal,1.0550,db,https://www.kroger.com/product/images/xlarge/front/0002190813296?banner=harristeeter,both,both,1,1
2026-10-02T18:17:25.160859+00:00,Kroger,Cookies & Sweets,Food,Quest,Quest Protein Cookies,1,Birthday Cake,0088884901217,https://www.kroger.com/p/quest-frosted-birthday-cake-flavored-protein-cookies/0088884901217,ok,2.5,USD,kroger_api,2.99,2.99,2.99,0.16387959866220742,💪 Strong Deal,2.5000,db,https://www.kroger.com/product/images/xlarge/front/0088884901217,both,both,1,1
2026-10-02T18:17:26.597599+00:00,Kroger,Cookies & Sweets,Food,Quest,Quest Protein Cookies,1,Strawberry Cake,0088884901453,https://www.kroger.com/p/quest-strawberry-cake-flavored-frosted-protein-cookies/0088884901453,ok,2.5,USD,kroger_api,2.99,2.99,2.99,0.16387959866220742,💪 Strong Deal,2.5000,db,https://www.kroger.com/product/images/xlarge/front/0088884901453,both,both,1,1
2026-10-02T18:17:36.837191+00:00,Kroger,Energy Drink,Drinks,Alani NU,Alani Nu Energy Drink,1,Cherry Slush,0081003051225,https://www.kroger.com/p/alani-nu-cherry-slush-sugar-free-energy-drink-can/0081003051225,ok,2.5,USD,kroger_api,2.99,2.99,2.99,0.16387959866220742,💪 Strong Deal,2.5000,db,https://www.kroger.com/product/images/xlarge/front/0081003051225,both,both,1,1
2026-10-02T18:17:38.211234+00:00,Kroger,Energy Drink,Drinks,Alani NU,Alani Nu Energy Drink,1,Orange Kiss,0085064500836,https://www.kroger.com/p/alani-nu-orange-kiss-sugar-free-energy-drink-can/0085064500836,ok,2.5,USD,kroger_api,2.99,2.99,2.99,0.16387959866220742,💪 Strong Deal,2.5000,db,https://www.kroger.com/product/images/xlarge/front/0085064500836,both,both,1,1
2026-10-02T18:17:39.607198+00:00,Kroger,Energy Drink,Drinks,Alani NU,Alani Nu Energy Drink,1,Cosmic Stardust,0081003051002,https://www.kroger.com/p/alani-nu-cosmic-stardust-sugar-free-energy-drink-can/0081003051002,ok,2.5,USD,kroger_api,2.99,2.99,2.99,0.16387959866220742,💪 Strong Deal,2.5000,db,https://www.kroger.com/product/images/xlarge/front/0081003051002,both,both,1,1
2026-10-02T18:17:42.601349+00:00,Kroger,Energy Drink,Drinks,Alani NU,Alani Nu Energy Drink,1,Juicy Peach,0081003051382,https://www.kroger.com/p/alani-nu-juicy-peach-sugar-free-energy-drink-can/0081003051382,ok,2.5,USD,kroger_api,2.99,2.99,2.99,0.16387959866220742,💪 Strong Deal,2.5000,db,https://www.kroger.com/product/images/xlarge/front/0081003051382,both,both,1,1
2026-10-02T18:17:44.004247+00:00,Kroger,Energy Drink,Drinks,Alani NU,Alani Nu Energy Drink,1,Hawaiian Shaved Ice,0085064500838,https://www.kroger.com/p/alani-nu-hawaiian-shaved-ice-sugar-free-energy-drink-can/0085064500838,ok,2.5,USD,kroger_api,2.99,2.99,2.99,0.16387959866220742,💪 Strong Deal,2.5000,db,https://www.kroger.com/product/images/xlarge/front/0085064500838,both,both,1,1
2026-10-02T18:22:08.946401+00:00,Kroger,Energy Drink,Drinks,Alani NU,Alani Nu Energy Drink,1,Cotton Candy,0081003051917,https://www.kroger.com/p/alani-nu-cotton-candy-sugar-free-energy-drink-can/0081003051917,ok,2.5,USD,kroger_api,2.99,2.99,2.99,0.16387959866220742,💪 Strong Deal,2.5000,db,https://www.kroger.com/product/images/xlarge/front/0081003051917,both,both,1,1
2026-10-02T18:22:10.443774+00:00,Kroger,Energy Drink,Drinks,Alani NU,Alani Nu Energy Drink,1,Purple Cotton Candy,0081017504224,https://www.kroger.com/p/alani-nu-purple-cotton-candy-energy-drink-can/0081017504224,ok,2.5,USD,kroger_api,2.99,2.99,2.99,0.16387959866220742,💪 Strong Deal,2.5000,db,https://www.kroger.com/product/images/xlarge/front/0081017504224,both,both,1,1
2026-10-02T18:22:11.926078+00:00,Kroger,Energy Drink,Drinks,Alani NU,Alani Nu Energy Drink,1,Sherbet Swirl,0081003051915,https://www.kroger.com/p/alani-nu-sherbet-swirl-sugar-free-energy-drink-can/0081003051915,ok,2.5,USD,kroger_api,2.99,2.99,2.99,0.16387959866220742,💪 Strong Deal,2.5000,db,https://www.kroger.com/product/images/xlarge/front/0081003051915,both,both,1,1
2026-10-02T18:22:13.877751+00:00,Kroger,Energy Drink,Drinks,Alani NU,Alani Nu Energy Drink,1,Strawberry Sunrise,0081003051913,https://www.kroger.com/p/alani-nu-strawberry-sunrise-sugar-free-energy-drink-can/0081003051913,ok,2.5,USD,kroger_api,2.99,2.99,2.99,0.16387959866220742,💪 Strong Deal,2.5000,db,https://www.kroger.com/product/images/xlarge/front/0081003051913,both,both,1,1
2026-10-02T18:22:52.019109+00:00,Kroger,Energy Drink,Drinks,Alani NU,Alani Nu Energy Drink,1,Cherry Twist,0081003051808,https://www.kroger.com/p/alani-nu-cherry-twist-sugar-free-energy-drink-can/0081003051808,ok,2.5,USD,kroger_api,2.99,2.99,2.99,0.16387959866220742,💪 Strong Deal,2.5000,db,https://www.kroger.com/product/images/xlarge/front/0081003051808,both,both,1,1
2026-10-02T18:22:53.504597+00:00,Kroger,Energy Drink,Drinks,Alani NU,Alani Nu Energy Drink,1,Dream Float,0081003051407,https://www.kroger.com/p/alani-nu-dream-float-sugar-free-energy-drink-can/0081003051407,ok,2.5,USD,kroger_api,2.99,2.99,2.99,0.16387959866220742,💪 Strong Deal,2.5000,db,https://www.kroger.com/product/images/xlarge/front/0081003051407,both,both,1,1
2026-10-02T18:23:02.466273+00:00,Kroger,Energy Drink,Drinks,Alani NU,Alani Nu Energy Drink,1,Watermelon,0081003051048,https://www.kroger.com/p/alani-nu-watermelon-wave-sugar-free-energy-drink-can/0081003051048,ok,2.5,USD,kroger_api,2.99,2.99,2.99,0.16387959866220742,💪 Strong Deal,2.5000,db,https://www.kroger.com/product/images/xlarge/front/0081003051048,both,both,1,1
2026-10-02T18:24:41.722081+00:00,Harris Teeter,Cookies & Sweets,Food,Quest,Quest Protein Cookies,1,Double Chocolate Chip,0088884900601,https://www.harristeeter.com/p/quest-high-protein-high-fiber-soft-chewy-double-chocolate-chip-protein-cookie/0088884900601,ok,2.5,USD,kroger_api,2.99,2.99,2.99,0.16387959866220742,💪 Strong Deal,2.5000,db,https://www.kroger.com/product/images/xlarge/front/0088884900601,both,both,1,1
2026-10-02T18:26:32.476842+00:00,Harris Teeter,Energy Drink,Drinks,Ghost®,Ghost Energy Drink,1,Welch's Grape,0081012852819,https://www.harristeeter.com/p/ghost-zero-sugar-welch-s-grape-energy-drink-can/0081012852819,ok,2.5,USD,kroger_api,2.99,2.99,2.99,0.16387959866220742,💪 Strong Deal,2.5000,db,https://www.kroger.com/product/images/xlarge/front/0081012852819,both,both,1,1
2026-10-02T18:30:26.401852+00:00,Meijer,Bars,Food,Clif,Clif Zbar,12,Iced Oatmeal Cookie,72225219222,https://www.meijer.com/shopping/product/zbar-iced-oatmeal-cookie-soft-baked-energy-snack-bars-non-gmo-12g-whole-grains-usda-organic-granola-bars-snacks-for-kids-12-pack-/72225219222.html,ok,10.49,USD,graphql,12.49,12.49,,0.16012810248198558,💪 Strong Deal,0.8742,db,https://www.meijer.com/content/dam/meijer/product/0722/25/2192/22/0722252192226_1_A1C1_0600.jpg,in_store,in_store,1,0
2026-10-02T18:30:29.636820+00:00,Meijer,Bars,Food,Clif,Clif Zbar,12,Chocolate Brownie,72225219223,https://www.meijer.com/shopping/product/zbar-chocolate-brownie-soft-baked-energy-snack-bars-non-gmo-11g-whole-grains-usda-organic-granola-bars-snacks-for-kids-12-pack-/72225219223.html,ok,10.49,USD,graphql,12.49,12.49,,0.16012810248198558,💪 Strong Deal,0.8742,db,https://www.meijer.com/content/dam/meijer/product/0722/25/2192/23/0722252192233_1_A1C1_0600.jpg,in_store,in_store,1,0
2026-10-02T18:30:30.632780+00:00,Meijer,Bars,Food,Clif,Clif Zbar,12,Chocolate Chip,72225219224,https://www.meijer.com/shopping/product/zbar-chocolate-chip-soft-baked-energy-snack-bars-non-gmo-12g-whole-grains-usda-organic-granola-bars-snacks-for-kids-12-pack-/72225219224.html,ok,10.49,USD,graphql,12.49,12.49,,0.16012810248198558,💪 Strong Deal,0.8742,db,https://www.meijer.com/content/dam/meijer/product/0722/25/2192/24/0722252192240_1_A1C1_0600.jpg,in_store,in_store,1,0
2026-10-02T18:34:35.077652+00:00,Target,Bars,Food,Barebells,Barebells Protein Bar,4,Birthday Cake,94299305,https://www.target.com/p/barebells-nutrition-bars-birthday-cake-7-76oz-4pk/-/A-94299305,ok,8.07,USD,"dom:[data-test=""module-product-detail-price-v2""] [data-test=""text-quill-insert-0""]",9.59,9.59,,0.1584984358706986,💪 Strong Deal,2.0175,db,https://target.scene7.com/is/image/Target/GUEST_f9bfc807-ae56-4a92-8e9c-98d60c95fbe4?wid=600&hei=600&qlt=80,,,,
2026-10-02T18:15:05.496308+00:00,Walmart,Bars,Food,Larabar,Larabar Minis,20,Chocolate Chip Cookie,415045248,https://www.walmart.com/ip/Larabar-Chocolate-Chip-Cookie-Dough-Mini-Bars-Gluten-Free-Vegan-Bar-20-ct/415045248?classType=VARIANT&from=/search,ok,12.29,USD,dom_hero,14.49,14.49,,0.15182884748102146,💪 Strong Deal,0.6145,db,https://i5.walmartimages.com/seo/Larabar-Chocolate-Chip-Cookie-Dough-Mini-Bars-Gluten-Free-Vegan-Bar-20-ct_099f7a33-c679-4730-ace9-92ea4c4351bd.9170b1c022827f81d698a905b4e3c548.jpeg?odnHeight=576&odnWidth=576&odnBg=FFFFFF,both,both,1,1
2026-10-02T18:39:58.681508+00:00,Target,Bars,Food,ONE,ONE Protein Bar,4,Reese's Peanut Butter Lovers,91981096,https://www.target.com/p/one-bar-reese-39-s-peanut-butter-lovers-flavored-protein-bars-8-48oz-4ct/-/A-91981096,ok,6.79,USD,"dom:[data-test=""module-product-detail-price-v2""] [data-test=""text-quill-insert-0""]",7.99,7.99,,0.15018773466833543,💪 Strong Deal,1.6975,db,https://target.scene7.com/is/image/Target/GUEST_2f80e0b9-c991-4467-8df3-29bbae1a8eb5?wid=600&hei=600&qlt=80,,,,
2026-10-02T18:40:03.930561+00:00,Target,Bars,Food,ONE,ONE Protein Bar,4,Hershey's Cookies 'n' Crème,91981097,https://www.target.com/p/one-bar-hershey-39-s-cookies-n-creme-flavored-protein-bars-8-48oz-4ct/-/A-91981097,ok,6.79,USD,"dom:[data-test=""module-product-detail-price-v2""] [data-test=""text-quill-insert-0""]",7.99,7.99,,0.15018773466833543,💪 Strong Deal,1.6975,db,https://target.scene7.com/is/image/Target/GUEST_e43a4b64-659e-499d-a2e7-9011dce8f97d?wid=600&hei=600&qlt=80,,,,
2026-10-02T18:40:24.165609+00:00,Target,Bars,Food,ONE,ONE Protein Bar,4,Hershey's Double Chocolate,94733498,https://www.target.com/p/one-bar-hershey-39-s-double-chocolate-flavored-standard-protein-bars-8-48oz-4pk-18gms-protein/-/A-94733498,ok,6.79,USD,"dom:[data-test=""module-product-detail-price-v2""] [data-test=""text-quill-insert-0""]",7.99,7.99,,0.15018773466833543,💪 Strong Deal,1.6975,db,https://target.scene7.com/is/image/Target/GUEST_ac3e39b8-965f-428c-a460-1a8f02022abb?wid=600&hei=600&qlt=80,,,,
2026-10-02T18:39:51.800700+00:00,Target,Bars,Food,Pure Protein,Pure Protein Bar,12,Chewy Chocolate Chip,50409156,https://www.target.com/p/pure-protein-20g-protein-bar-chewy-chocolate-chip-12pk/-/A-50409156,ok,14.44,USD,"dom:[data-test=""module-product-detail-price-v2""] [data-test=""text-quill-insert-0""]",16.99,16.99,,0.150088287227781,💪 Strong Deal,1.2033,db,https://target.scene7.com/is/image/Target/GUEST_93b3242a-e6d2-45eb-ab46-f25e6957fb16?wid=600&hei=600&qlt=80,,,,
2026-10-02T18:41:51.977481+00:00,Target,Bars,Food,Power Crunch,Power Crunch Bar,5,Lemon Meringue,94720134,https://www.target.com/p/power-crunch-energy-lemon-meringue-protein-bar-5ct/-/A-94720134,ok,5.86,USD,"dom:[data-test=""module-product-detail-price-v2""] [data-test=""text-quill-insert-0""]",6.89,6.89,,0.14949201741654564,💪 Strong Deal,1.1720,db,https://target.scene7.com/is/image/Target/GUEST_101202f1-cccb-4cb5-8315-18331c62eeab?wid=600&hei=600&qlt=80,,,,
2026-10-02T18:52:17.559035+00:00,Target,Wraps,Food,La Banderita,La Banderita Carb Counter,8,Zero Net Carb Flour Tortilla Wraps,91945257,https://www.target.com/p/la-banderita-carb-counter-zero-net-carb-soft-taco-11-9oz/-/A-91945257#lnk=sametab,ok,4.84,USD,"dom:[data-test=""module-product-detail-price-v2""] [data-test=""text-quill-insert-0""]",5.69,5.69,,0.1493848857644992,💪 Strong Deal,0.6050,db,https://target.scene7.com/is/image/Target/GUEST_9d87ebf9-7ef0-4a06-a23a-cb30b595384d?wid=1200&hei=1200&qlt=80,online_only,online_only,,1
2026-10-02T18:29:57.210481+00:00,Meijer,Bars,Food,Clif,Clif Bar,10,Chocolate Chip,72225206876,https://www.meijer.com/shopping/product/clif-bar-energy-protein-bars-chocolate-chip-made-with-organic-oats-energy-bars-non-gmo-10-pack-/72225206876.html,ok,11.49,USD,graphql,13.49,13.49,,0.14825796886582654,💪 Strong Deal,1.1490,db,https://www.meijer.com/content/dam/meijer/product/0722/25/2068/76/0722252068767_1_A1C1_0600.jpg,in_store,in_store,1,0
2026-10-02T18:29:59.303474+00:00,Meijer,Bars,Food,Clif,Clif Bar,10,White Chocolate Macadamia Nut,72225206878,https://www.meijer.com/shopping/product/clif-bar-energy-protein-bars-white-chocolate-macadamia-nut-made-with-organic-oats-energy-bars-non-gmo-10-pack-/72225206878.html,ok,11.49,USD,graphql,13.49,13.49,,0.14825796886582654,💪 Strong Deal,1.1490,db,https://www.meijer.com/content/dam/meijer/product/0722/25/2068/78/0722252068781_1_A1C1_0600.jpg,in_store,in_store,1,0
2026-10-02T18:30:00.394794+00:00,Meijer,Bars,Food,Clif,Clif Bar,10,Chocolate Brownie,72225206880,https://www.meijer.com/shopping/product/clif-bar-energy-protein-bars-chocolate-brownie-made-with-organic-oats-energy-bars-non-gmo-10-pack-/72225206880.html,ok,11.49,USD,graphql,13.49,13.49,,0.14825796886582654,💪 Strong Deal,1.1490,db,https://www.meijer.com/content/dam/meijer/product/0722/25/2068/80/0722252068804_1_A1C1_0600.jpg,in_store,in_store,1,0
2026-10-02T18:30:01.245844+00:00,Meijer,Bars,Food,Clif,Clif Bar,10,Oatmeal Raisin Walnut,72225206877,https://www.meijer.com/shopping/product/clif-bar-energy-protein-bars-oatmeal-raisin-walnut-made-with-organic-oats-energy-bars-non-gmo-10-pack-/72225206877.html,ok,11.49,USD,graphql,13.49,13.49,,0.14825796886582654,💪 Strong Deal,1.1490,db,https://www.meijer.com/content/dam/meijer/product/0722/25/2068/77/0722252068774_1_A1C1_0600.jpg,in_store,in_store,1,0
2026-10-02T18:30:02.272634+00:00,Meijer,Bars,Food,Clif,Clif Bar,10,Blueberry Almond Crisp,72225206879,https://www.meijer.com/shopping/product/clif-bar-energy-protein-bars-blueberry-almond-crisp-made-with-organic-oats-energy-bars-non-gmo-10-pack-/72225206879.html,ok,11.49,USD,graphql,13.49,13.49,,0.14825796886582654,💪 Strong Deal,1.1490,db,https://www.meijer.com/content/dam/meijer/product/0722/25/2068/79/0722252068798_1_A1C1_0600.jpg,in_store,in_store,1,0
2026-10-02T18:30:03.506663+00:00,Meijer,Bars,Food,Clif,Clif Bar,10,Crunchy Peanut Butter,72225206869,https://www.meijer.com/shopping/product/clif-bar-energy-protein-bars-crunchy-peanut-butter-made-with-organic-oats-energy-bars-non-gmo-10-pack-/72225206869.html,ok,11.49,USD,graphql,13.49,13.49,,0.14825796886582654,💪 Strong Deal,1.1490,db,https://www.meijer.com/content/dam/meijer/product/0722/25/2068/69/0722252068699_1_A1C1_0600.jpg,in_store,in_store,1,0
2026-10-02T18:30:04.473817+00:00,Meijer,Bars,Food,Clif,Clif Bar,10,Peanut Butter Banana with Dark Chocolate,72225206881,https://www.meijer.com/shopping/product/clif-bar-energy-protein-bars-peanut-butter-banana-with-dark-chocolate-made-with-organic-oats-energy-bars-non-gmo-10-pack-/72225206881.html,ok,11.49,USD,graphql,13.49,13.49,,0.14825796886582654,💪 Strong Deal,1.1490,db,https://www.meijer.com/content/dam/meijer/product/0722/25/2068/81/0722252068811_1_A1C1_0600.jpg,in_store,in_store,1,0
2026-10-02T18:30:05.392891+00:00,Meijer,Bars,Food,Clif,Clif Bar,10,Cool Mint Chocolate,72225206882,https://www.meijer.com/shopping/product/clif-bar-energy-protein-bars-cool-mint-chocolate-with-caffeine-made-with-organic-oats-energy-bars-non-gmo-10-pack-/72225206882.html,ok,11.49,USD,graphql,13.49,13.49,,0.14825796886582654,💪 Strong Deal,1.1490,db,https://www.meijer.com/content/dam/meijer/product/0722/25/2068/82/0722252068828_1_A1C1_0600.jpg,in_store,in_store,1,0
2026-10-02T18:43:04.198205+00:00,Target,Bars,Food,Larabar,Larabar Kids,6,Chocolate Chip Cookie,54155573,https://www.target.com/p/larabar-kid-chocolate-chip-cookie-6ct/-/A-54155573,ok,4.49,USD,"dom:[data-test=""module-product-detail-price-v2""] [data-test=""text-quill-insert-0""]",5.19,5.19,,0.13487475915221583,💪 Strong Deal,0.7483,db,https://target.scene7.com/is/image/Target/GUEST_26c9696d-cd6d-4cda-a869-7e1fa3b2d0a0?wid=600&hei=600&qlt=80,both,both,1,1
2026-10-02T18:43:10.417507+00:00,Target,Bars,Food,Larabar,Larabar Kids,6,Chocolate Brownies,53141067,https://www.target.com/p/larabar-kid-chocolate-brownies-6ct-96oz/-/A-53141067#lnk=sametab,ok,4.49,USD,"dom:[data-test=""module-product-detail-price-v2""] [data-test=""text-quill-insert-0""]",5.19,5.19,,0.13487475915221583,💪 Strong Deal,0.7483,db,https://target.scene7.com/is/image/Target/GUEST_4e501c1d-7a51-4c71-9ba2-3162b8dee6dd?wid=600&hei=600&qlt=80,both,both,1,1
2026-10-02T18:32:31.214751+00:00,Meijer,Cookies & Sweets,Food,Catalina Crunch,Catalina Crunch Cereal,1,Dark Chocolate,86047900154,https://www.meijer.com/shopping/product/-/86047900154.html,ok,6.49,USD,graphql,7.49,7.49,,0.13351134846461948,💪 Strong Deal,6.4900,db,https://www.harristeeter.com/product/images/xlarge/front/0086047900154,in_store,in_store,1,0
2026-10-02T18:32:32.163803+00:00,Meijer,Cookies & Sweets,Food,Catalina Crunch,Catalina Crunch Cereal,1,Cinnamon Toast,86047900152,https://www.meijer.com/shopping/product/-/86047900152.html,ok,6.49,USD,graphql,7.49,7.49,,0.13351134846461948,💪 Strong Deal,6.4900,db,https://www.kroger.com/product/images/xlarge/front/0086047900152,in_store,in_store,1,0
2026-10-02T18:32:33.294727+00:00,Meijer,Cookies & Sweets,Food,Catalina Crunch,Catalina Crunch Cereal,1,Blueberry Muffin,85004411209,https://www.meijer.com/shopping/product/-/85004411209.html,ok,6.49,USD,graphql,7.49,7.49,,0.13351134846461948,💪 Strong Deal,6.4900,db,https://www.harristeeter.com/product/images/xlarge/front/0085004411209,in_store,in_store,1,0
2026-10-02T18:32:34.187205+00:00,Meijer,Cookies & Sweets,Food,Catalina Crunch,Catalina Crunch Cereal,1,Fruity,85001746808,https://www.meijer.com/shopping/product/-/85001746808.html,ok,6.49,USD,graphql,7.49,7.49,,0.13351134846461948,💪 Strong Deal,6.4900,db,https://www.harristeeter.com/product/images/xlarge/front/0085001746808,in_store,in_store,1,0
2026-10-02T18:32:35.284668+00:00,Meijer,Cookies & Sweets,Food,Catalina Crunch,Catalina Crunch Cereal,1,Chocolate Peanut Butter,85001746818,https://www.meijer.com/shopping/product/-/85001746818.html,ok,6.49,USD,graphql,7.49,7.49,,0.13351134846461948,💪 Strong Deal,6.4900,db,https://www.harristeeter.com/product/images/xlarge/front/0085001746818,in_store,in_store,1,0
2026-10-02T17:54:45.038311+00:00,Walmart,Protein Powder,Food,Premier Protein,Premier Protein Whey Protein,1,Vanilla Milkshake,945235241,https://www.walmart.com/ip/Premier-Protein-100-Whey-Protein-Powder-Chocolate-Milkshake-30g-Protein-24-5-oz-1-5-lb/945235241,ok,29.97,USD,dom_hero,34.58,34.58,,0.13331405436668595,💪 Strong Deal,29.9700,db,https://i5.walmartimages.com/seo/Premier-Protein-100-Whey-Protein-Powder-Vanilla-Milkshake-30g-Protein-23-3-oz-1-7-lb_d6ed3fe0-f7ce-4a23-b83a-42fba8ff83a1.de3b484d3bbe67a5fa7df9d9d632b91e.png?odnHeight=573&odnWidth=573&odnBg=FFFFFF,both,both,1,1
2026-10-02T18:19:08.729173+00:00,Kroger,Bars,Food,RXBAR,RXBAR,5,Chocolate Sea Salt,0085803000841,https://www.kroger.com/p/rxbar-chocolate-sea-salt-protein-bars/0085803000841,ok,9.99,USD,kroger_api,11.49,11.49,11.49,0.13054830287206265,💪 Strong Deal,1.9980,db,https://www.kroger.com/product/images/xlarge/front/0085803000841,both,both,1,1
2026-10-02T18:19:11.843656+00:00,Kroger,Bars,Food,RXBAR,RXBAR,5,Blueberry,0085803000843,https://www.kroger.com/p/rxbar-blueberry-protein-bars/0085803000843,ok,9.99,USD,kroger_api,11.49,11.49,11.49,0.13054830287206265,💪 Strong Deal,1.9980,db,https://www.kroger.com/product/images/xlarge/front/0085803000843,both,both,1,1
2026-10-02T18:19:14.876106+00:00,Kroger,Bars,Food,RXBAR,RXBAR,5,Coconut Chocolate,0085803000844,https://www.kroger.com/p/rxbar-coconut-chocolate-protein-bars/0085803000844,ok,9.99,USD,kroger_api,11.49,11.49,11.49,0.13054830287206265,💪 Strong Deal,1.9980,db,https://www.kroger.com/product/images/xlarge/front/0085803000844,both,both,1,1
2026-10-02T18:19:18.612750+00:00,Kroger,Bars,Food,RXBAR,RXBAR,5,Peanut Butter Chocolate,0085803000842,https://www.kroger.com/p/rxbar-peanut-butter-chocolate-protein-bars/0085803000842,ok,9.99,USD,kroger_api,11.49,11.49,11.49,0.13054830287206265,💪 Strong Deal,1.9980,db,https://www.kroger.com/product/images/xlarge/front/0085803000842,both,both,1,1
2026-10-02T18:19:20.094161+00:00,Kroger,Bars,Food,RXBAR,RXBAR,5,Strawberry,0019390800628,https://www.kroger.com/p/rxbar-strawberry-protein-bars/0019390800628,ok,9.99,USD,kroger_api,11.49,11.49,11.49,0.13054830287206265,💪 Strong Deal,1.9980,db,https://www.kroger.com/product/images/xlarge/front/0019390800628,both,both,1,1
2026-10-02T18:19:23.118262+00:00,Kroger,Bars,Food,RXBAR,RXBAR,5,Vanilla Almond,0019390800178,https://www.kroger.com/p/rxbar-vanilla-almond-protein-bars/0019390800178,ok,9.99,USD,kroger_api,11.49,11.49,11.49,0.13054830287206265,💪 Strong Deal,1.9980,db,https://www.kroger.com/product/images/xlarge/front/0019390800178,both,both,1,1
2026-10-02T18:01:16.809183+00:00,Walmart,Bars,Food,YMMY,YMMY Protein Bar,4,Cookie Dough,17647973747,https://www.walmart.com/ip/YMMY-High-Protein-Bar-Cookie-Dough/17647973747?fulfillmentIntent=In-store&filters=%5B%7B%22intent%22%3A%22fulfillmentIntent%22%2C%22values%22%3A%5B%22In-store%22%5D%7D%5D&classType=REGULAR&athbdg=L1300&from=/search,ok,6.87,USD,dom_hero,7.87,7.87,,0.12706480304955528,💪 Strong Deal,1.7175,db,https://i5.walmartimages.com/seo/YMMY-High-Protein-Bar-Cookie-Dough_641921ca-02b4-4e21-a0c2-594c707c25e9.b44af1cadfa97fad59b29eb3a4f35f18.jpeg?odnHeight=573&odnWidth=573&odnBg=FFFFFF,both,both,1,1
2026-10-02T18:01:29.659823+00:00,Walmart,Bars,Food,YMMY,YMMY Protein Bar,4,Chocolate Caramel Pecan,17636816466,https://www.walmart.com/ip/YMMY-High-Protein-Bar-Chocolate-Caramel/17636816466?fulfillmentIntent=In-store&filters=%5B%7B%22intent%22%3A%22fulfillmentIntent%22%2C%22values%22%3A%5B%22In-store%22%5D%7D%5D&classType=REGULAR&athbdg=L1300,ok,6.87,USD,dom_hero,7.87,7.87,,0.12706480304955528,💪 Strong Deal,1.7175,db,https://i5.walmartimages.com/seo/YMMY-High-Protein-Bar-Chocolate-Caramel_aeaae316-cb0f-45f0-ac7a-8124d8d1806d.6475ac589e5fb8fec108c8411602d6a4.jpeg?odnHeight=573&odnWidth=573&odnBg=FFFFFF,both,both,1,1
2026-10-02T18:01:56.509703+00:00,Walmart,Bars,Food,YMMY,YMMY Protein Bar,4,Chocolate Peanut Caramel,17719514904,https://www.walmart.com/ip/YMMY-High-Protein-Bar-Caramel-Peanut/17719514904?fulfillmentIntent=In-store&filters=%5B%7B%22intent%22%3A%22fulfillmentIntent%22%2C%22values%22%3A%5B%22In-store%22%5D%7D%5D&classType=REGULAR&athbdg=L1300&from=/search,ok,6.87,USD,dom_hero,7.87,7.87,,0.12706480304955528,💪 Strong Deal,1.7175,db,https://i5.walmartimages.com/seo/YMMY-High-Protein-Bar-Caramel-Peanut_e3dc3867-200b-409d-96db-17ea1695024b.b7ed4716b1c24ef674964ffafaad4136.jpeg?odnHeight=573&odnWidth=573&odnBg=FFFFFF,both,both,1,1
2026-10-02T18:20:55.686992+00:00,Kroger,Cookies & Sweets,Food,Catalina Crunch,Catalina Crunch Cereal,1,Honey Graham,0086047900155,https://www.kroger.com/p/catalina-crunch-protein-cereal-honey-graham/0086047900155,ok,6.99,USD,kroger_api,7.99,7.99,7.99,0.1251564455569462,💪 Strong Deal,6.9900,db,https://www.kroger.com/product/images/xlarge/front/0086047900155,both,both,1,1
2026-10-02T18:20:57.535583+00:00,Kroger,Cookies & Sweets,Food,Catalina Crunch,Catalina Crunch Cereal,1,Dark Chocolate,0086047900154,https://www.kroger.com/p/catalina-crunch-dark-chocolate-protein-cereal/0086047900154,ok,6.99,USD,kroger_api,7.99,7.99,7.99,0.1251564455569462,💪 Strong Deal,6.9900,db,https://www.kroger.com/product/images/xlarge/front/0086047900154,both,both,1,1
2026-10-02T18:20:58.945200+00:00,Kroger,Cookies & Sweets,Food,Catalina Crunch,Catalina Crunch Cereal,1,Strawberry Strudel,0085006920124,https://www.kroger.com/p/catalina-crunch-strawberry-strudel-protein-cereal/0085006920124,ok,6.99,USD,kroger_api,7.99,7.99,7.99,0.1251564455569462,💪 Strong Deal,6.9900,db,https://www.kroger.com/product/images/xlarge/front/0085006920124,both,both,1,1
2026-10-02T18:21:00.895115+00:00,Kroger,Cookies & Sweets,Food,Catalina Crunch,Catalina Crunch Cereal,1,Cinnamon Toast,0086047900152,https://www.kroger.com/p/catalina-crunch-cinnamon-toast-protein-cereal/0086047900152,ok,6.99,USD,kroger_api,7.99,7.99,7.99,0.1251564455569462,💪 Strong Deal,6.9900,db,https://www.kroger.com/product/images/xlarge/front/0086047900152,both,both,1,1
2026-10-02T18:21:02.316169+00:00,Kroger,Cookies & Sweets,Food,Catalina Crunch,Catalina Crunch Cereal,1,Blueberry Muffin,0085004411209,https://www.kroger.com/p/catalina-crunch-blueberry-muffin-protein-cereal-with-blueberries/0085004411209,ok,6.99,USD,kroger_api,7.99,7.99,7.99,0.1251564455569462,💪 Strong Deal,6.9900,db,https://www.kroger.com/product/images/xlarge/front/0085004411209,both,both,1,1
2026-10-02T18:21:03.792055+00:00,Kroger,Cookies & Sweets,Food,Catalina Crunch,Catalina Crunch Cereal,1,Fruity,0085001746808,https://www.kroger.com/p/catalina-crunch-protein-cereal-fruity-8-oz/0085001746808,ok,6.99,USD,kroger_api,7.99,7.99,7.99,0.1251564455569462,💪 Strong Deal,6.9900,db,https://www.kroger.com/product/images/xlarge/front/0085001746808,both,both,1,1
2026-10-02T18:21:05.245934+00:00,Kroger,Cookies & Sweets,Food,Catalina Crunch,Catalina Crunch Cereal,1,Chocolate Peanut Butter,0085001746818,https://www.kroger.com/p/catalina-crunch-protein-cereal-chocolate-peanut-butter/0085001746818,ok,6.99,USD,kroger_api,7.99,7.99,7.99,0.1251564455569462,💪 Strong Deal,6.9900,db,https://www.kroger.com/product/images/xlarge/front/0085001746818,both,both,1,1
2026-10-02T18:21:09.629085+00:00,Kroger,Cookies & Sweets,Food,Catalina Crunch,Catalina Crunch Granola,1,Vanilla Almond,0085004411293,https://www.kroger.com/p/catalina-crunch-protein-granola-vanilla-almond-8-oz/0085004411293,ok,6.99,USD,kroger_api,7.99,7.99,7.99,0.1251564455569462,💪 Strong Deal,6.9900,db,https://www.kroger.com/product/images/xlarge/front/0085004411293,both,both,1,1
2026-10-02T18:21:11.115072+00:00,Kroger,Cookies & Sweets,Food,Catalina Crunch,Catalina Crunch Granola,1,Peanut Butter,0085004411290,https://www.kroger.com/p/catalina-crunch-protein-granola-peanut-butter-8-oz/0085004411290,ok,6.99,USD,kroger_api,7.99,7.99,7.99,0.1251564455569462,💪 Strong Deal,6.9900,db,https://www.kroger.com/product/images/xlarge/front/0085004411290,both,both,1,1
2026-10-02T18:21:14.381119+00:00,Kroger,Cookies & Sweets,Food,Catalina Crunch,Catalina Crunch Granola,1,Honey Cashew,0085004411291,https://www.kroger.com/p/catalina-crunch-protein-granola-honey-cashew-flavored-8-oz/0085004411291,ok,6.99,USD,kroger_api,7.99,7.99,7.99,0.1251564455569462,💪 Strong Deal,6.9900,db,https://www.kroger.com/product/images/xlarge/front/0085004411291,both,both,1,1
2026-10-02T18:30:06.528839+00:00,Meijer,Bars,Food,Clif,Clif Bar Minis,20,Chocolate Chip,72225238799,https://www.meijer.com/shopping/product/clif-bar-minis-chocolate-chip-made-with-organic-oats-4g-protein-non-gmo-plant-based-snack-size-energy-bars-0-99-oz-20-pack-/72225238799.html,ok,13.99,USD,graphql,15.99,15.99,,0.12507817385866166,💪 Strong Deal,0.6995,db,https://www.meijer.com/content/dam/meijer/product/0722/25/2387/99/0722252387998_1_A1C1_0600.jpg,in_store,in_store,1,0
2026-10-02T18:30:07.739820+00:00,Meijer,Bars,Food,Clif,Clif Bar Minis,20,White Chocolate Macadamia Nut,72225238641,https://www.meijer.com/shopping/product/clif-bar-minis-white-chocolate-macadamia-nut-flavor-made-with-organic-oats-4g-protein-non-gmo-plant-based-snack-size-energy-bars-0-99-oz-20-pack-/72225238641.html,ok,13.99,USD,graphql,15.99,15.99,,0.12507817385866166,💪 Strong Deal,0.6995,db,https://www.meijer.com/content/dam/meijer/product/0722/25/2386/41/0722252386410_1_A1C1_0600.jpg,in_store,in_store,1,0
2026-10-02T18:30:08.681980+00:00,Meijer,Bars,Food,Clif,Clif Bar Minis,20,Chocolate Brownie,72225287945,https://www.meijer.com/shopping/product/clif-bar-minis-chocolate-brownie-flavor-made-with-organic-oats-4g-protein-non-gmo-plant-based-snack-size-energy-bars-0-99-oz-20-pack-/72225287945.html,ok,13.99,USD,graphql,15.99,15.99,,0.12507817385866166,💪 Strong Deal,0.6995,db,https://www.meijer.com/content/dam/meijer/product/0722/25/2879/45/0722252879455_1_A1C1_0600.jpg,in_store,in_store,1,0
2026-10-02T18:30:09.744900+00:00,Meijer,Bars,Food,Clif,Clif Bar Minis,20,Crunchy Peanut Butter,72225231255,https://www.meijer.com/shopping/product/clif-bar-minis-crunchy-peanut-butter-made-with-organic-oats-5g-protein-non-gmo-plant-based-snack-size-energy-bars-0-99-oz-20-pack-/72225231255.html,ok,13.99,USD,graphql,15.99,15.99,,0.12507817385866166,💪 Strong Deal,0.6995,db,https://www.meijer.com/content/dam/meijer/product/0722/25/2312/55/0722252312556_1_A1C1_0600.jpg,in_store,in_store,1,0
2026-10-02T18:24:20.544042+00:00,Harris Teeter,Bars,Food,David,David Protein Bar,1,Chocolate Chip Cookie Dough,0085006430300,https://www.harristeeter.com/p/david-high-protein-bars-chocolate-chip-cookie-dough-28g-protein/0085006430300,ok,3.5,USD,kroger_api,3.99,3.99,3.99,0.1228070175438597,💪 Strong Deal,3.5000,db,https://www.kroger.com/product/images/xlarge/front/0085006430300,both,both,1,1
2026-10-02T18:24:22.362154+00:00,Harris Teeter,Bars,Food,David,David Protein Bar,1,Peanut Butter Chocolate Chunk,0085006430315,https://www.harristeeter.com/p/david-protein-gold-peanut-butter-chocolate-chunk-flavored-bar/0085006430315,ok,3.5,USD,kroger_api,3.99,3.99,3.99,0.1228070175438597,💪 Strong Deal,3.5000,db,https://www.kroger.com/product/images/xlarge/front/0085006430315,both,both,1,1
2026-10-02T18:24:23.856208+00:00,Harris Teeter,Bars,Food,David,David Protein Bar,1,Fudge Brownie,0085006430303,https://www.harristeeter.com/p/david-high-protein-bars-fudge-brownie-28g-protein/0085006430303,ok,3.5,USD,kroger_api,3.99,3.99,3.99,0.1228070175438597,💪 Strong Deal,3.5000,db,https://www.kroger.com/product/images/xlarge/front/0085006430303,both,both,1,1
2026-10-02T18:13:32.782913+00:00,Walmart,Bars,Food,Larabar,Larabar,18,Variety - Fruit,1079008896,https://www.walmart.com/ip/Larabar-Variety-Pack-Blueberry-Muffin-Lemon-Bar-Apple-Pie-Fruit-Nut-Bars-18-ct/1079008896?classType=REGULAR&from=/search,ok,18.91,USD,dom_hero,21.49,21.49,,0.12005583992554669,💪 Strong Deal,1.0506,db,https://i5.walmartimages.com/seo/Larabar-Variety-Pack-Blueberry-Muffin-Lemon-Bar-Apple-Pie-Fruit-Nut-Bars-18-ct_56d3cb9b-dbfc-4be0-99f3-c439879b8979.0c290ca2a11319c81964045d3dfa4d6e.jpeg?odnHeight=576&odnWidth=576&odnBg=FFFFFF,both,both,1,1
2026-10-02T18:24:18.554639+00:00,Harris Teeter,Bars,Food,Clif Bar,Clif Bar,5,Cool Mint Chocolate,0072225206868,https://www.harristeeter.com/p/clif-bar-cool-mint-chocolate-with-caffeine-energy-protein-bars/0072225206868,ok,6.79,USD,kroger_api,7.69,7.69,7.99,0.11703511053315999,💪 Strong Deal,1.3580,db,https://www.kroger.com/product/images/xlarge/front/0072225206868,both,both,1,1
2026-10-02T17:59:44.091461+00:00,Walmart,Protein Powder,Food,OWYN,OWYN Protein Powder,1,Vanilla,5637068853,https://www.walmart.com/ip/OWYN-Elite-30-Gram-Vanilla-Plant-Protein-Powder/5637068853?fulfillmentIntent=In-store&filters=%5B%7B%22intent%22%3A%22fulfillmentIntent%22%2C%22values%22%3A%5B%22In-store%22%5D%7D%5D&classType=REGULAR&athbdg=L1102&from=/search,ok,22.12,USD,dom_hero,24.97,24.97,,0.11413696435722859,💪 Strong Deal,22.1200,db,https://i5.walmartimages.com/seo/OWYN-Elite-30-Gram-Vanilla-Plant-Protein-Powder_2bd679ca-03e8-4f09-96a3-01567569701d.41fece197baddf61fd8389b460d5578a.jpeg?odnHeight=573&odnWidth=573&odnBg=FFFFFF,both,both,1,1
2026-10-02T18:48:47.053154+00:00,Target,Bars,Food,Ghost,Ghost Protein Bar,4,Chocolate Chip Cookie Dough,94949089,https://www.target.com/p/ghost-chocolate-chip-cookie-dough-protein-bar-20g-protein-9-2oz-4pk/-/A-94949089#lnk=sametab,ok,7.89,USD,"dom:[data-test=""module-product-detail-price-v2""] [data-test=""text-quill-insert-0""]",8.89,8.89,,0.1124859392575929,💪 Strong Deal,1.9725,db,https://target.scene7.com/is/image/Target/GUEST_92d2f605-4af1-43d3-811f-6fb9bea996cc?wid=1200&hei=1200&qlt=80,online_only,online_only,,1
2026-10-02T18:48:53.744979+00:00,Target,Bars,Food,Ghost,Ghost Protein Bar,4,Chocolate Peanut Butter,94949088,https://www.target.com/p/ghost-chocolate-peanut-butter-protein-bar-20g-protein-9-2oz-4pk/-/A-94949088#lnk=sametab,ok,7.89,USD,"dom:[data-test=""module-product-detail-price-v2""] [data-test=""text-quill-insert-0""]",8.89,8.89,,0.1124859392575929,💪 Strong Deal,1.9725,db,https://target.scene7.com/is/image/Target/GUEST_a542743a-1988-47b4-80b0-b384f378f8ac?wid=1200&hei=1200&qlt=80,online_only,online_only,,1
2026-10-02T18:48:59.469279+00:00,Target,Bars,Food,Ghost,Ghost Protein Bar,4,Chocolate Caramel,94949087,https://www.target.com/p/ghost-chocolate-caramel-protein-bar-20g-protein-9-2oz-4pk/-/A-94949087#lnk=sametab,ok,7.89,USD,"dom:[data-test=""module-product-detail-price-v2""] [data-test=""text-quill-insert-0""]",8.89,8.89,,0.1124859392575929,💪 Strong Deal,1.9725,db,https://target.scene7.com/is/image/Target/GUEST_c5df24ac-01aa-4755-8c98-6fe786140284?wid=1200&hei=1200&qlt=80,online_only,online_only,,1
2026-10-02T18:26:35.467912+00:00,Harris Teeter,Meat Snack,Food,Chomps,Chomps Meat Sticks,8,Original Beef,0085001589252,https://www.harristeeter.com/p/chomps-original-flavor-beef-snack-sticks/0085001589252,ok,16.49,USD,kroger_api,18.49,18.49,18.49,0.1081665765278529,💪 Strong Deal,2.0612,db,https://www.kroger.com/product/images/xlarge/front/0085001589252,both,both,1,1
2026-10-02T18:26:37.003109+00:00,Harris Teeter,Meat Snack,Food,Chomps,Chomps Meat Sticks,8,Jalapeno Beef,0085001589267,https://www.harristeeter.com/p/chomps-jalapeno-beef-snack-sticks/0085001589267,ok,16.49,USD,kroger_api,18.49,18.49,18.49,0.1081665765278529,💪 Strong Deal,2.0612,db,https://www.kroger.com/product/images/xlarge/front/0085001589267,both,both,1,1
2026-10-02T17:51:34.312198+00:00,Walmart,Cookies & Sweets,Food,Catalina Crunch,Catalina Crunch Cereal,1,Dark Chocolate,590919239,https://www.walmart.com/ip/Catalina-Crunch-Keto-Friendly-Cereal-Dark-Chocolate-9-oz-255-g/590919239?fulfillmentIntent=In-store&filters=%5B%7B%22intent%22%3A%22fulfillmentIntent%22%2C%22values%22%3A%5B%22In-store%22%5D%7D%5D&classType=VARIANT&athbdg=L1100&from=/search,ok,6.97,USD,dom_hero,7.78,7.78,,0.10411311053984582,💪 Strong Deal,6.9700,db,https://i5.walmartimages.com/seo/Catalina-Crunch-Keto-Friendly-Cereal-Dark-Chocolate-9-oz-255-g_93fd7ef8-25dd-4b1f-8536-438272943625.a9f22518a6f501c2db03758c6caae0be.jpeg?odnHeight=2000&odnWidth=2000&odnBg=FFFFFF,both,both,1,1
2026-10-02T17:51:46.794191+00:00,Walmart,Cookies & Sweets,Food,Catalina Crunch,Catalina Crunch Cereal,1,Honey Graham,593823119,https://www.walmart.com/ip/Catalina-Crunch-Cereal-Honey-Graham-Sugar-Free-Keto-9-oz/593823119?fulfillmentIntent=In-store&filters=%5B%7B%22intent%22%3A%22fulfillmentIntent%22%2C%22values%22%3A%5B%22In-store%22%5D%7D%5D&classType=VARIANT&athbdg=L1100&from=/search,ok,6.97,USD,dom_hero,7.78,7.78,,0.10411311053984582,💪 Strong Deal,6.9700,db,https://i5.walmartimages.com/seo/Catalina-Crunch-Cereal-Honey-Graham-Sugar-Free-Keto-9-oz_c836fc6d-a5ce-4ece-9470-f7efc6f19a52.5a2c46adb2b274ddb2675ee64843dd3b.jpeg?odnHeight=2000&odnWidth=2000&odnBg=FFFFFF,both,both,1,1
2026-10-02T17:51:58.415194+00:00,Walmart,Cookies & Sweets,Food,Catalina Crunch,Catalina Crunch Cereal,1,Cinnamon Toast,831398904,https://www.walmart.com/ip/Catalina-Crunch-Keto-Friendly-Cereal-Cinnamon-Toast-9-oz-255-g/831398904?fulfillmentIntent=In-store&filters=%5B%7B%22intent%22%3A%22fulfillmentIntent%22%2C%22values%22%3A%5B%22In-store%22%5D%7D%5D&classType=VARIANT&athbdg=L1100&from=/search,ok,6.97,USD,dom_hero,7.78,7.78,,0.10411311053984582,💪 Strong Deal,6.9700,db,https://i5.walmartimages.com/seo/Catalina-Crunch-Keto-Friendly-Cereal-Cinnamon-Toast-9-oz-255-g_fc8f29a2-dade-4478-bc9d-f4dab925a5b1.23e7ff8eab0c5e3fda46d2441f0b6a38.jpeg?odnHeight=2000&odnWidth=2000&odnBg=FFFFFF,both,both,1,1
2026-10-02T17:23:43.892689+00:00,Walmart,Energy Drink,Drinks,Ghost,Ghost Energy Drink,1,Strawbango,12894113883,https://www.walmart.com/ip/GHOST-ENERGY-Zero-Sugars-Energy-Drink-Strawbango-16-fl-oz-Can/12894113883,ok,2.68,USD,dom_hero,2.99,2.99,,0.1036789297658863,💪 Strong Deal,2.6800,db,https://i5.walmartimages.com/seo/GHOST-ENERGY-Zero-Sugars-Energy-Drink-Strawbango-16-fl-oz-Can_aaff89c1-e6bb-4c1d-9f3c-98e62c5f681f.e61307a114278cf74eb54dcd6f091d5f.jpeg?odnHeight=2000&odnWidth=2000&odnBg=FFFFFF,both,both,1,1
2026-10-02T17:23:55.822253+00:00,Walmart,Energy Drink,Drinks,Ghost,Ghost Energy Drink,1,Cherry Limeade,2400726919,https://www.walmart.com/ip/GHOST-ENERGY-Zero-Sugars-Energy-Drink-Cherry-Limeade-16-fl-oz-Can/2400726919,ok,2.68,USD,dom_hero,2.99,2.99,,0.1036789297658863,💪 Strong Deal,2.6800,db,https://i5.walmartimages.com/seo/GHOST-ENERGY-Zero-Sugars-Energy-Drink-Cherry-Limeade-16-fl-oz-Can_416f40b1-67e4-49bc-9dd6-cb8c3709e03b.54ec986610be83934d712a2a23cb6282.jpeg?odnHeight=2000&odnWidth=2000&odnBg=FFFFFF,both,both,1,1
2026-10-02T17:24:03.525154+00:00,Walmart,Energy Drink,Drinks,Ghost,Ghost Energy Drink,1,Welch's Grape,9994906993,https://www.walmart.com/ip/GHOST-Welch-s-Grape-16oz-Single/9994906993,ok,2.68,USD,dom_hero,2.99,2.99,,0.1036789297658863,💪 Strong Deal,2.6800,db,https://i5.walmartimages.com/seo/GHOST-Welch-s-Grape-16oz-Single_1e36fdbd-fcfa-42e6-9ee2-4ce42040aa79.bbe14372c8583699233fa83dc824cf24.png?odnHeight=2000&odnWidth=2000&odnBg=FFFFFF,both,both,1,1
2026-10-02T17:45:23.115096+00:00,Walmart,Energy Drink,Drinks,Ghost,Ghost Energy Drink,1,Sour Pink Lemonade,1253483087,https://www.walmart.com/ip/GHOST-ENERGY-Zero-Sugars-Energy-Drink-Sour-Pink-Lemonade-16-fl-oz-Can/1253483087?fulfillmentIntent=In-store&filters=%5B%7B%22intent%22%3A%22fulfillmentIntent%22%2C%22values%22%3A%5B%22In-store%22%5D%7D%5D&classType=VARIANT&from=/search,ok,2.68,USD,dom_hero,2.99,2.99,,0.1036789297658863,💪 Strong Deal,2.6800,db,https://i5.walmartimages.com/seo/GHOST-ENERGY-Zero-Sugars-Energy-Drink-Sour-Pink-Lemonade-16-fl-oz-Can_f8fc9fa6-7100-4532-bf43-7e4f8ec0e0e1.4fc2d26e5e9b25177ab42fcbf5138980.png?odnHeight=573&odnWidth=573&odnBg=FFFFFF,both,both,1,1
2026-10-02T17:24:41.555782+00:00,Walmart,Bars,Food,Pure Protein,Pure Protein Bar,4,Chocolate Peanut Butter,2114852511,https://www.walmart.com/ip/Pure-Protein-Bars-Galactic-Brownie-20g-Protein-Gluten-Free-1-76-oz-4-Ct/2114852511,ok,5.82,USD,dom_hero,6.48,6.48,,0.10185185185185187,💪 Strong Deal,1.4550,db,https://i5.walmartimages.com/seo/Pure-Protein-Bars-Chocolate-Peanut-Butter-20g-Protein-Gluten-Free-1-76-oz-4-Ct_8336ef75-f848-4307-b74a-3a7efbda7965.70f2947e6979efb0a58d3a607a133ba3.jpeg?odnHeight=2000&odnWidth=2000&odnBg=FFFFFF,in_store,in_store,1,0
2026-10-02T18:06:54.821180+00:00,Walmart,Bars,Food,KIND,KIND Bar,6,Dark Chocolate Cherry Cashew,156925359,https://www.walmart.com/ip/KIND-Gluten-Free-Dark-Chocolate-Cherry-Cashew-Snack-Bars-1-4-oz-6-Count/156925359?classType=VARIANT&athbdg=L1300&from=/search,ok,6.73,USD,dom_hero,7.48,7.48,,0.10026737967914438,💪 Strong Deal,1.1217,db,https://i5.walmartimages.com/seo/KIND-Gluten-Free-Dark-Chocolate-Cherry-Cashew-Snack-Bars-1-4-oz-6-Count_2e0e7755-536e-47c0-9d9a-ce378b7f24bf.14f8a436d79bec344883b7d46235b1c5.jpeg?odnHeight=2000&odnWidth=2000&odnBg=FFFFFF,both,both,1,1
2026-10-02T18:07:55.329585+00:00,Walmart,Bars,Food,KIND,KIND Bar,6,Caramel Almond & Sea Salt,326476583,https://www.walmart.com/ip/KIND-Gluten-Free-Caramel-Almond-Sea-Salt-Snack-Bars-1-4-oz-6-Count/326476583?classType=VARIANT&athbdg=L1300&from=/search,ok,6.73,USD,dom_hero,7.48,7.48,,0.10026737967914438,💪 Strong Deal,1.1217,db,https://i5.walmartimages.com/seo/KIND-Gluten-Free-Caramel-Almond-Sea-Salt-Snack-Bars-1-4-oz-6-Count_391140a4-5c1a-4fa5-906b-bdebc2c7f2be.dc0d9a6663ed85a03d3b3a575cde885e.jpeg?odnHeight=576&odnWidth=576&odnBg=FFFFFF,both,both,1,1
2026-10-02T18:08:22.569611+00:00,Walmart,Bars,Food,KIND,KIND Bar,6,Cranberry Almond,957100723,https://www.walmart.com/ip/KIND-Gluten-Free-Cranberry-Almond-Snack-Bars-1-4-oz-6-Count/957100723?classType=VARIANT&athbdg=L1300&from=/search,ok,6.73,USD,dom_hero,7.48,7.48,,0.10026737967914438,💪 Strong Deal,1.1217,db,https://i5.walmartimages.com/seo/KIND-Gluten-Free-Cranberry-Almond-Snack-Bars-1-4-oz-6-Count_dbaec517-d71b-43c4-90c0-22f97914b5d1.747ad6cca8581d5b40795161a2fa7ad2.jpeg?odnHeight=576&odnWidth=576&odnBg=FFFFFF,both,both,1,1
2026-10-02T18:08:34.564647+00:00,Walmart,Bars,Food,KIND,KIND Bar,6,Mango Pineapple,16243821344,https://www.walmart.com/ip/KIND-Mango-Pineapple-Nut-Core-Bars-8-4-OZ/16243821344?classType=VARIANT&athbdg=L1300&from=/search,ok,6.73,USD,dom_hero,7.48,7.48,,0.10026737967914438,💪 Strong Deal,1.1217,db,https://i5.walmartimages.com/seo/KIND-Mango-Pineapple-Nut-Core-Bars-8-4-OZ_d57e58b1-6d86-4179-a13c-1fff34016d2d.fdea48c50ffa5a4e3ada01094c907f5a.jpeg?odnHeight=576&odnWidth=576&odnBg=FFFFFF,both,both,1,1
2026-10-02T18:09:11.964052+00:00,Walmart,Bars,Food,KIND,KIND Bar,6,Blueberry Almond Pecan,18237911406,https://www.walmart.com/ip/KIND-Milkolate-Peanut-Butter-Core-Bars-8-4-OZ/18237911406?classType=REGULAR&athbdg=L1300&from=/search,ok,6.73,USD,dom_hero,7.48,7.48,,0.10026737967914438,💪 Strong Deal,1.1217,db,https://i5.walmartimages.com/seo/KIND-Milkolate-Peanut-Butter-Core-Bars-8-4-OZ_cda23f90-705b-4e0b-87db-695b62e413e8.440ef6a910e99560b68ad3d6cc8dfad9.png?odnHeight=576&odnWidth=576&odnBg=FFFFFF,both,both,1,1
2026-10-02T18:09:59.079007+00:00,Walmart,Bars,Food,KIND,KIND Bar,6,Peanut Butter Dark Chocolate,594246325,https://www.walmart.com/ip/KIND-Gluten-Free-Peanut-Butter-Dark-Chocolate-Snack-Bars-1-4-oz-6-Count/594246325?classType=VARIANT&from=/search,ok,6.73,USD,dom_hero,7.48,7.48,,0.10026737967914438,💪 Strong Deal,1.1217,db,https://i5.walmartimages.com/seo/KIND-Gluten-Free-Peanut-Butter-Dark-Chocolate-Snack-Bars-1-4-oz-6-Count_113643ec-bd58-4193-bc52-15ebba3804dc.f6641423789c7576ed6eef68d954c928.jpeg?odnHeight=576&odnWidth=576&odnBg=FFFFFF,both,both,1,1
2026-10-02T17:33:39.322966+00:00,Walmart,Chips & Crunchy,Food,Quest,Quest Protein Chips,8,Nacho Cheese,16347608147,https://www.walmart.com/ip/QUEST-NACHO-FLAVORED-PROTEIN-CHIP/16347608147,ok,17.06,USD,dom_hero,18.96,18.96,,0.10021097046413513,💪 Strong Deal,2.1325,db,https://i5.walmartimages.com/seo/2-pack-Quest-Tortilla-Style-Protein-Chips-Nacho-Cheese-1-1oz-4-Ct_8fb2b74d-5ba3-4f8e-9fa2-02451a82df2b.7f36d7602e97755252e2d540843a2ef5.jpeg?odnHeight=2000&odnWidth=2000&odnBg=FFFFFF,both,both,1,1
2026-10-02T17:33:49.479498+00:00,Walmart,Chips & Crunchy,Food,Quest,Quest Protein Chips,12,Nacho Cheese,14439908414,https://www.walmart.com/ip/QUEST-NACHO-FLAVORED-PROTEIN-CHIP/14439908414,ok,25.59,USD,dom_hero,28.44,28.44,,0.10021097046413506,💪 Strong Deal,2.1325,db,https://i5.walmartimages.com/seo/Quest-Tortilla-Style-Protein-Chips-Nacho-Cheese-Flavored-1-1oz-Bags-12-Count_1c7f0c80-e7f1-4303-be5f-941cc855cacf.a40152d6a2329d9f7fc01e3f53b36bbe.jpeg?odnHeight=2000&odnWidth=2000&odnBg=FFFFFF,both,both,1,1
2026-10-02T18:52:58.895155+00:00,Target,Wraps,Food,Mission,Mission Carb Balance,6,Whole Wheat - Burrito Size,91576162,https://www.target.com/p/mission-carb-balance-whole-wheat-burrito-6ct-15oz/-/A-91576162#lnk=sametab,ok,4.49,USD,"dom:[data-test=""module-product-detail-price-v2""] [data-test=""text-quill-insert-0""]",4.99,4.99,,0.1002004008016032,💪 Strong Deal,0.7483,db,https://target.scene7.com/is/image/Target/GUEST_157722ec-72c1-4523-8fd7-f1623091393b?wid=1200&hei=1200&qlt=80,online_only,online_only,,1
2026-10-02T18:29:05.290184+00:00,Meijer,Bars,Food,ALOHA,ALOGA Vegan Protein Bar,5,Peanut Butter Cup,84209615333,https://www.meijer.com/shopping/product/aloha-organic-plant-based-protein-bars-peanut-butter-cup-bar-%C2%A0-5-ct-vegan-low-sugar-gluten-free-low-carb-non-gmo-stevia-free-soy-free-no-sugar-alcohols/84209615333.html,ok,9.89,USD,graphql,10.99,10.99,,0.100090991810737,💪 Strong Deal,1.9780,db,https://www.meijer.com/content/dam/meijer/product/0842/09/6153/33/0842096153334_0_A1C1_0600.jpg,in_store,in_store,1,0
2026-10-02T18:29:06.411754+00:00,Meijer,Bars,Food,ALOHA,ALOGA Vegan Protein Bar,5,Peanut Butter Chocolate Chip,84209615111,https://www.meijer.com/shopping/product/aloha-organic-plant-based-protein-bars-peanut-butter-chocolate-chip-5-ct-%C2%A0-vegan-low-sugar-gluten-free-paleo-low-carb-non-gmo-stevia-free-soy-free-no-sugar-alcohols/84209615111.html,ok,9.89,USD,graphql,10.99,10.99,,0.100090991810737,💪 Strong Deal,1.9780,db,https://www.meijer.com/content/dam/meijer/product/0842/09/6151/11/0842096151118_0_A1C1_0600.jpg,in_store,in_store,1,0
2026-10-02T18:29:08.671802+00:00,Meijer,Bars,Food,ALOHA,ALOGA Vegan Protein Bar,5,Chocolate Chip Cookie Dough,84209615222,https://www.meijer.com/shopping/product/aloha-chocolate-chip-cookie-dough-bars-5-ct-/84209615222.html,ok,9.89,USD,graphql,10.99,10.99,,0.100090991810737,💪 Strong Deal,1.9780,db,https://www.meijer.com/content/dam/meijer/product/0842/09/6152/22/0842096152221_0_A1C1_0600.jpg,in_store,in_store,1,0
2026-10-02T18:26:43.285466+00:00,Harris Teeter,Cookies & Sweets,Food,,Catalina Crunch Snack Mix,5,Cheddar,0085006920131,https://www.harristeeter.com/p/catalina-crunch-cheddar-protein-1-23oz-snack-mix-5ct-multipack/0085006920131,ok,10.79,USD,kroger_api,11.99,11.99,11.99,0.1000834028356965,💪 Strong Deal,2.1580,db,https://www.kroger.com/product/images/xlarge/front/0085006920131?banner=harristeeter,both,both,1,1
2026-10-02T17:35:35.042309+00:00,Walmart,Bars,Food,RXBAR,RXBAR,15,Chocolate Sea Salt,15353971782,https://www.walmart.com/ip/RXBAR-Gluten-Free-Chocolate-Sea-Salt-Chewy-Protein-Bars-Ready-to-Eat-Protein-Snack-9-1-oz-5-Count/15353971782,ok,24.19,USD,dom_hero,26.88,26.88,,0.10007440476190468,💪 Strong Deal,1.6127,db,https://i5.walmartimages.com/seo/3-pack-RXBAR-Gluten-Free-Chocolate-Sea-Salt-Chewy-Protein-Bars-Ready-to-Eat-Protein-Snack-9-1-oz-5-Count_b80ae2bd-701f-4775-aaf9-1e6811132d7a.27e936615bb096942f15ebc8b5581eea.jpeg?odnHeight=2000&odnWidth=2000&odnBg=FFFFFF,both,both,1,1
2026-10-02T17:35:58.384526+00:00,Walmart,Bars,Food,RXBAR,RXBAR,15,Vanilla Almond,15346073814,https://www.walmart.com/ip/RXBAR-Gluten-Free-Vanilla-Almond-Chewy-Protein-Bars-Gluten-Free-Ready-to-Eat-Protein-Snack-9-15-oz-5-Count/15346073814,ok,24.19,USD,dom_hero,26.88,26.88,,0.10007440476190468,💪 Strong Deal,1.6127,db,https://i5.walmartimages.com/seo/3-pack-RXBAR-Gluten-Free-Vanilla-Almond-Chewy-Protein-Bars-Gluten-Free-Ready-to-Eat-Protein-Snack-9-15-oz-5-Count_6948c078-a6ec-4319-be34-e338dfbb6543.a8ddd75c5619cba5bc2de60e084ac50d.jpeg?odnHeight=2000&odnWidth=2000&odnBg=FFFFFF,both,both,1,1
2026-10-02T17:44:02.093075+00:00,Walmart,RTD Protein Shake,Drinks,Core Power,Core Power Elite Protein Shake,4,Vanilla,16932700254,https://www.walmart.com/ip/Core-Power-Elite-High-Protein-Shake-with-42g-Protein-by-fairlife-Milk-Vanilla-14-fl-oz/16932700254,ok,19.01,USD,dom_hero,21.12,21.12,,0.099905303030303,🏷️ On Sale / Price Drop,4.7525,db,https://i5.walmartimages.com/seo/4-pack-Core-Power-Elite-High-Protein-Shake-with-42g-Protein-by-fairlife-Milk-Vanilla-14-fl-oz_bae86cd3-61bf-40d9-ada1-153b98e3b4ce.4240ce23cbf918c63c734b32aa63eccc.jpeg?odnHeight=2000&odnWidth=2000&odnBg=FFFFFF,both,both,1,1
2026-10-02T17:44:27.381433+00:00,Walmart,RTD Protein Shake,Drinks,Core Power,Core Power Elite Protein Shake,4,Strawberry,16932700238,https://www.walmart.com/ip/Core-Power-Elite-High-Protein-Strawberry-Protein-Shake-Single-Serve-14-fl-oz-Bottle/16932700238,ok,19.01,USD,dom_hero,21.12,21.12,,0.099905303030303,🏷️ On Sale / Price Drop,4.7525,db,https://i5.walmartimages.com/seo/4-pack-Core-Power-Elite-High-Protein-Strawberry-Protein-Shake-Single-Serve-14-fl-oz-Bottle_b829d41a-b0b0-4ee8-a6f0-50a667fb18f8.d7082c02349e3756d13af157ee32b131.jpeg?odnHeight=2000&odnWidth=2000&odnBg=FFFFFF,both,both,1,1
2026-10-02T17:42:50.237853+00:00,Walmart,RTD Protein Shake,Drinks,Core Power,Core Power Protein Shake,4,Chocolate,13095868765,https://www.walmart.com/ip/Core-Power-Protein-Shake-with-26g-Protein-by-fairlife-Milk-Chocolate-14-fl-oz/13095868765,ok,13.97,USD,dom_hero,15.52,15.52,,0.0998711340206185,🏷️ On Sale / Price Drop,3.4925,db,https://i5.walmartimages.com/seo/4-pack-Core-Power-Protein-Shake-with-26g-Protein-by-fairlife-Milk-Chocolate-14-fl-oz_f25ceb8c-39d4-4b16-8c0b-b29601b40426.683355678157a9b6561439bbbc3d5c20.jpeg?odnHeight=2000&odnWidth=2000&odnBg=FFFFFF,both,both,1,1
2026-10-02T17:43:10.057270+00:00,Walmart,RTD Protein Shake,Drinks,Core Power,Core Power Protein Shake,4,Strawberry Banana,16944117498,https://www.walmart.com/ip/4-pack-Core-Power-Protein-Shake-with-26g-Protein-by-fairlife-Milk-Strawberry-Banana-14-fl-oz/16944117498,ok,13.97,USD,dom_hero,15.52,15.52,,0.0998711340206185,🏷️ On Sale / Price Drop,3.4925,db,https://i5.walmartimages.com/seo/4-pack-Core-Power-Protein-Shake-with-26g-Protein-by-fairlife-Milk-Strawberry-Banana-14-fl-oz_98538935-d1d5-4a75-b65f-b834289fcacf.ef7e645a98e0c0b87dc9cdf560226625.jpeg?odnHeight=2000&odnWidth=2000&odnBg=FFFFFF,both,both,1,1
2026-10-02T17:36:58.637156+00:00,Walmart,Bars,Food,ALOHA,ALOGA Vegan Protein Bar,15,Peanut Butter Cup,15320016567,https://www.walmart.com/ip/Aloha-Peanut-Butter-Cup-Protein-Bars-5-Pk/15320016567,ok,26.95,USD,dom_hero,29.94,29.94,,0.09986639946559793,🏷️ On Sale / Price Drop,1.7967,db,https://i5.walmartimages.com/seo/3-pack-Aloha-Peanut-Butter-Cup-Protein-Bars-5-Pk_ad79ee27-7ce1-4634-bbc2-a6d6c4237b60.5a3c6cacf3da8baca0d6cf8d5b03b95e.jpeg?odnHeight=2000&odnWidth=2000&odnBg=FFFFFF,both,both,1,1
2026-10-02T17:37:37.841390+00:00,Walmart,Bars,Food,ALOHA,ALOGA Vegan Protein Bar,15,Chocolate Chip Cookie Dough,15399305824,https://www.walmart.com/ip/Aloha-Peanut-Butter-Cup-Protein-Bars-5-Pk/15399305824,ok,26.95,USD,dom_hero,29.94,29.94,,0.09986639946559793,🏷️ On Sale / Price Drop,1.7967,db,https://i5.walmartimages.com/seo/3-pack-ALOHA-Plant-Based-Protein-Bars-Chocolate-Chip-Cookie-Dough-14g-Protein-Pack-of-5_d81da7d5-8149-4571-b602-5494a6252caa.fc2d0ffdc4dc5f9badf91ffa1b9bf7dd.jpeg?odnHeight=2000&odnWidth=2000&odnBg=FFFFFF,both,both,1,1
2026-10-02T18:25:29.178862+00:00,Harris Teeter,RTD Protein Shake,Drinks,Fairlife,Core Power Protein Shake,1,Chocolate,0081162002195,https://www.harristeeter.com/p/core-power-chocolate-26g-protein-shake-bottle/0081162002195,ok,4.69,USD,kroger_api,5.19,5.19,5.19,0.09633911368015413,🏷️ On Sale / Price Drop,4.6900,db,https://www.kroger.com/product/images/xlarge/front/0081162002195,both,both,1,1
2026-10-02T18:25:35.089959+00:00,Harris Teeter,RTD Protein Shake,Drinks,Fairlife,Core Power Protein Shake,1,Vanilla,0081162002196,https://www.harristeeter.com/p/core-power-vanilla-26g-protein-shake-bottle/0081162002196,ok,4.69,USD,kroger_api,5.19,5.19,5.19,0.09633911368015413,🏷️ On Sale / Price Drop,4.6900,db,https://www.kroger.com/product/images/xlarge/front/0081162002196,both,both,1,1
2026-10-02T18:23:28.817386+00:00,Kroger,Energy Drink,Drinks,Celsius,Celsius Energy Drink,12,Vibe Variety,0088939200258,https://www.kroger.com/p/celsius-sparkling-core-vibe-variety-pack-functional-energy-drink-12-fl-oz/0088939200258,ok,23.49,USD,kroger_api,25.99,25.99,25.99,0.09619084263178146,🏷️ On Sale / Price Drop,1.9575,db,https://www.kroger.com/product/images/xlarge/front/0088939200258,both,both,1,1
2026-10-02T17:56:58.270848+00:00,Walmart,Protein Powder,Food,Orgain,Orgain Organic Vegan Protein Powder,1,Chocolate,320984395,https://www.walmart.com/ip/Orgain-Organic-Vegan-21g-Protein-Powder-Plant-Based-Shake-Drink-Creamy-Chocolate-Fudge-1-02lb/320984395?fulfillmentIntent=In-store&filters=%5B%7B%22intent%22%3A%22fulfillmentIntent%22%2C%22values%22%3A%5B%22In-store%22%5D%7D%5D&classType=VARIANT&from=/search,ok,18.12,USD,dom_hero,19.98,19.98,,0.09309309309309306,🏷️ On Sale / Price Drop,18.1200,db,https://i5.walmartimages.com/seo/Orgain-Organic-Vegan-21g-Protein-Powder-Plant-Based-Shake-Drink-Creamy-Chocolate-Fudge-1-02lb_9d6626d6-bab7-4552-967f-4a6a70e4aef3.a996973a57d8f32539c77d1daf08b5d2.jpeg?odnHeight=573&odnWidth=573&odnBg=FFFFFF,both,both,1,1
2026-10-02T18:00:33.172378+00:00,Walmart,Protein Powder,Food,Orgain,Orgain Organic Vegan Protein Powder,1,Strawberries & Cream,3275295840,https://www.walmart.com/ip/Orgain-Organic-Vegan-21g-Protein-Powder-Plant-Based-Shake-Drink-Strawberries-n-Cream-1-02lb/3275295840?fulfillmentIntent=In-store&filters=%5B%7B%22intent%22%3A%22fulfillmentIntent%22%2C%22values%22%3A%5B%22In-store%22%5D%7D%5D&classType=REGULAR&from=/search,ok,18.12,USD,dom_hero,19.98,19.98,,0.09309309309309306,🏷️ On Sale / Price Drop,18.1200,db,https://i5.walmartimages.com/seo/Orgain-Organic-Vegan-21g-Protein-Powder-Plant-Based-Shake-Drink-Strawberries-n-Cream-1-02lb_606dcbfb-9d94-4f86-8c3e-1e5f370e7089.7e3d99b9c1e07364d3d6d9ccb174efde.jpeg?odnHeight=573&odnWidth=573&odnBg=FFFFFF,both,both,1,1
2026-10-02T18:20:05.749872+00:00,Kroger,Bars,Food,Built,Built Puff,4,Brownie Batter,0084022930380,https://www.kroger.com/p/built-puff-snack-bars-brownie-batter-17g-protein-140-calorie-4-count-box-1-41-oz-bars/0084022930380,ok,9.99,USD,kroger_api,10.99,10.99,10.99,0.09099181073703366,🏷️ On Sale / Price Drop,2.4975,db,https://www.kroger.com/product/images/xlarge/front/0084022930380,both,both,1,1
2026-10-02T18:20:08.749166+00:00,Kroger,Bars,Food,Built,Built Puff,4,Coconut,0084022930381,https://www.kroger.com/p/built-puff-snack-bar-coconut-17g-protein-collagen-140-calories/0084022930381,ok,9.99,USD,kroger_api,10.99,10.99,10.99,0.09099181073703366,🏷️ On Sale / Price Drop,2.4975,db,https://www.kroger.com/product/images/xlarge/front/0084022930381,both,both,1,1
2026-10-02T18:20:10.237149+00:00,Kroger,Bars,Food,Clif Builders,Clif Builders,6,OREO-Flavored,0072225206972,https://www.kroger.com/p/clif-builders-oreo-flavored-20g-protein-bars/0072225206972,ok,9.99,USD,kroger_api,10.99,10.99,10.99,0.09099181073703366,🏷️ On Sale / Price Drop,1.6650,db,https://www.kroger.com/product/images/xlarge/front/0072225206972,both,both,1,1
2026-10-02T18:20:14.561138+00:00,Kroger,Bars,Food,Clif Builders,Clif Builders,6,Chocolate Mint,0072225216852,https://www.kroger.com/p/clif-builders-chocolate-mint-20g-protein-bars/0072225216852,ok,9.99,USD,kroger_api,10.99,10.99,10.99,0.09099181073703366,🏷️ On Sale / Price Drop,1.6650,db,https://www.kroger.com/product/images/xlarge/front/0072225216852,both,both,1,1
2026-10-02T18:20:22.607060+00:00,Kroger,Bars,Food,Clif Builders,Clif Builders,6,Chocolate Peanut Butter,0072225216850,https://www.kroger.com/p/clif-builders-chocolatey-peanut-butter-20g-protein-bars/0072225216850,ok,9.99,USD,kroger_api,10.99,10.99,10.99,0.09099181073703366,🏷️ On Sale / Price Drop,1.6650,db,https://www.kroger.com/product/images/xlarge/front/0072225216850,both,both,1,1
2026-10-02T18:20:26.827747+00:00,Kroger,Bars,Food,Clif Builders,Clif Builders,6,Vanilla Almond,0072225216859,https://www.kroger.com/p/clif-builders-vanilla-almond-20g-protein-bars/0072225216859,ok,9.99,USD,kroger_api,10.99,10.99,10.99,0.09099181073703366,🏷️ On Sale / Price Drop,1.6650,db,https://www.kroger.com/product/images/xlarge/front/0072225216859,both,both,1,1
2026-10-02T18:22:25.932787+00:00,Kroger,Bars,Food,Built,Built Puff,4,Cookies N Cream 17g,0084022930581,https://www.kroger.com/p/built-puff-protein-bar-cookies-n-cream-17g-protein-collagen-snacks/0084022930581,ok,9.99,USD,kroger_api,10.99,10.99,10.99,0.09099181073703366,🏷️ On Sale / Price Drop,2.4975,db,https://www.kroger.com/product/images/xlarge/front/0084022930581,both,both,1,1
2026-10-02T18:23:16.366758+00:00,Kroger,Bars,Food,Built,Built Puff,4,Salted Caramel,0084022930577,https://www.kroger.com/p/built-puff-salted-caramel-protein-bars/0084022930577,ok,9.99,USD,kroger_api,10.99,10.99,10.99,0.09099181073703366,🏷️ On Sale / Price Drop,2.4975,db,https://www.kroger.com/product/images/xlarge/front/0084022930577,both,both,1,1
2026-10-02T18:23:17.879857+00:00,Kroger,Bars,Food,Built,Built Puff,4,Cookie Dough,0084022930558,https://www.kroger.com/p/built-cookie-dough-chunk-puff-4ct/0084022930558,ok,9.99,USD,kroger_api,10.99,10.99,10.99,0.09099181073703366,🏷️ On Sale / Price Drop,2.4975,db,https://www.kroger.com/product/images/xlarge/front/0084022930558,both,both,1,1
2026-10-02T18:23:20.843793+00:00,Kroger,Bars,Food,Built,Built Puff,1,Peanut Butter Cup,0084022930646,https://www.kroger.com/p/built-peanut-butter-cup-puff/0084022930646,ok,9.99,USD,kroger_api,10.99,10.99,10.99,0.09099181073703366,🏷️ On Sale / Price Drop,9.9900,db,https://www.kroger.com/product/images/xlarge/front/0084022930646,both,both,1,1
2026-10-02T18:22:19.941078+00:00,Kroger,Bars,Food,Barebells,Barebells Protein Bar,4,Brownie Batter,0085007577852,https://www.kroger.com/p/barebells-brownie-batter-protein-bars/0085007577852,ok,10.49,USD,kroger_api,11.49,11.49,11.49,0.08703220191470844,🏷️ On Sale / Price Drop,2.6225,db,https://www.kroger.com/product/images/xlarge/front/0085007577852,both,both,1,1
2026-10-02T18:23:04.034659+00:00,Kroger,Bars,Food,Barebells,Barebells Soft Bar,4,Caramel Choco,0085006495008,https://www.kroger.com/p/barebells-caramel-choco-soft-protein-bars/0085006495008,ok,10.49,USD,kroger_api,11.49,11.49,11.49,0.08703220191470844,🏷️ On Sale / Price Drop,2.6225,db,https://www.kroger.com/product/images/xlarge/front/0085006495008,both,both,1,1
2026-10-02T18:23:07.055059+00:00,Kroger,Bars,Food,Barebells,Barebells Protein Bar,4,Peanut Butter,0085007577829,https://www.kroger.com/p/barebells-peanut-butter-jelly-protein-bars/0085007577829,ok,10.49,USD,kroger_api,11.49,11.49,11.49,0.08703220191470844,🏷️ On Sale / Price Drop,2.6225,db,https://www.kroger.com/product/images/xlarge/front/0085007577829,both,both,1,1
2026-10-02T18:23:10.247032+00:00,Kroger,Bars,Food,Barebells,Barebells Protein Bar,4,Peanut Butter,0085006495039,https://www.kroger.com/p/barebells-peanut-butter-protein-bars/0085006495039,ok,10.49,USD,kroger_api,11.49,11.49,11.49,0.08703220191470844,🏷️ On Sale / Price Drop,2.6225,db,https://www.kroger.com/product/images/xlarge/front/0085006495039,both,both,1,1
2026-10-02T18:23:11.953098+00:00,Kroger,Bars,Food,Barebells,Barebells Soft Bar,4,Peanut Caramel,0085006495010,https://www.kroger.com/p/barebells-salted-peanut-caramel-soft-protein-bars/0085006495010,ok,10.49,USD,kroger_api,11.49,11.49,11.49,0.08703220191470844,🏷️ On Sale / Price Drop,2.6225,db,https://www.kroger.com/product/images/xlarge/front/0085006495010,both,both,1,1
2026-10-02T18:43:39.577165+00:00,Target,Bars,Food,Clif,Clif Bar,15,Chocolate Chip,90627993,https://www.target.com/p/clif-bar-chocolate-chip-energy-bars/-/A-90627993,ok,17.79,USD,"dom:[data-test=""module-product-detail-price-v2""] [data-test=""text-quill-insert-0""]",19.29,19.29,,0.07776049766718507,🏷️ On Sale / Price Drop,1.1860,db,https://target.scene7.com/is/image/Target/GUEST_3f35f6b1-0b98-4ff5-9f88-1646bfc08bf6?wid=1200&hei=1200&qlt=80,both,both,1,1
2026-10-02T18:43:59.083437+00:00,Target,Bars,Food,Clif,Clif Bar,15,Crunchy Peanut Butter,90628019,https://www.target.com/p/clif-bar-crunchy-peanut-butter-energy-bars/-/A-90628019,ok,17.79,USD,"dom:[data-test=""module-product-detail-price-v2""] [data-test=""text-quill-insert-0""]",19.29,19.29,,0.07776049766718507,🏷️ On Sale / Price Drop,1.1860,db,https://target.scene7.com/is/image/Target/GUEST_78ad1f23-8c7b-4ed1-80a1-ac3d973ba104?wid=1200&hei=1200&qlt=80,both,both,1,1
2026-10-02T18:44:35.064468+00:00,Target,Bars,Food,Clif,Clif Bar,15,Chocolate Chip & Chocolate Brownie,90632065,https://www.target.com/p/clif-bar-chocolate-chip-and-chocolate-brownie-energy-bars-36oz-15pk/-/A-90632065,ok,17.79,USD,"dom:[data-test=""module-product-detail-price-v2""] [data-test=""text-quill-insert-0""]",19.29,19.29,,0.07776049766718507,🏷️ On Sale / Price Drop,1.1860,db,https://target.scene7.com/is/image/Target/GUEST_7eab6ec0-41ad-49e3-8acb-510367462028?wid=1200&hei=1200&qlt=80,both,both,1,1
2026-10-02T18:31:41.430682+00:00,Meijer,Meat Snack,Food,Chomps,Chomps Meat Sticks,8,Original Beef,85001589252,https://www.meijer.com/shopping/product/-/85001589252.html,ok,17.99,USD,graphql,19.49,19.49,,0.07696254489481787,🏷️ On Sale / Price Drop,2.2487,db,https://www.kroger.com/product/images/xlarge/front/0085001589252,in_store,in_store,1,0
2026-10-02T18:31:42.390742+00:00,Meijer,Meat Snack,Food,Chomps,Chomps Meat Sticks,8,Jalapeno Beef,85001589267,https://www.meijer.com/shopping/product/-/85001589267.html,ok,17.99,USD,graphql,19.49,19.49,,0.07696254489481787,🏷️ On Sale / Price Drop,2.2487,db,https://www.kroger.com/product/images/xlarge/front/0085001589267,in_store,in_store,1,0
2026-10-02T18:24:46.252979+00:00,Harris Teeter,Energy Drink,Drinks,Celsius,Celsius Energy Drink,12,Vibe Variety,0088939200095,https://www.harristeeter.com/p/celsius-vibe-energy-drink-variety-pack-cans/0088939200095,ok,23.99,USD,kroger_api,25.99,25.99,25.99,0.07695267410542517,🏷️ On Sale / Price Drop,1.9992,db,https://www.kroger.com/product/images/xlarge/front/0088939200095,both,both,1,1
2026-10-02T18:23:30.356612+00:00,Kroger,Energy Drink,Drinks,Celsius,Celsius Energy Drink,4,Orange,0088939200041,https://www.kroger.com/p/celsius-sparkling-orange-energy-drink-multipack-cans/0088939200041,ok,8.79,USD,kroger_api,9.49,9.49,9.49,0.0737618545837725,🏷️ On Sale / Price Drop,2.1975,db,https://www.kroger.com/product/images/xlarge/front/0088939200041,both,both,1,1
2026-10-02T18:23:31.726038+00:00,Kroger,Energy Drink,Drinks,Celsius,Celsius Energy Drink,4,Peach Vibe,0088939201038,https://www.kroger.com/p/celsius-sparkling-peach-vibe-energy-drink-multipack-cans/0088939201038,ok,8.79,USD,kroger_api,9.49,9.49,9.49,0.0737618545837725,🏷️ On Sale / Price Drop,2.1975,db,https://www.kroger.com/product/images/xlarge/front/0088939201038,both,both,1,1
2026-10-02T18:23:33.821036+00:00,Kroger,Energy Drink,Drinks,Celsius,Celsius Energy Drink,4,Wild Berry,0088939200042,https://www.kroger.com/p/celsius-sparkling-wild-berry-energy-drink-multipack-cans/0088939200042,ok,8.79,USD,kroger_api,9.49,9.49,9.49,0.0737618545837725,🏷️ On Sale / Price Drop,2.1975,db,https://www.kroger.com/product/images/xlarge/front/0088939200042,both,both,1,1
2026-10-02T18:24:53.016347+00:00,Harris Teeter,Energy Drink,Drinks,Alani NU,Alani Nu Energy Drink,6,Cherry Slush,0081003051292,https://www.harristeeter.com/p/alani-nu-cherry-slush-sugar-free-energy-12-fl-oz-pack-of-6-/0081003051292,ok,12.99,USD,kroger_api,13.99,13.99,13.99,0.07147962830593281,🏷️ On Sale / Price Drop,2.1650,db,https://www.kroger.com/product/images/xlarge/front/0081003051292,both,both,1,1
2026-10-02T18:52:52.808271+00:00,Target,Wraps,Food,Mission,Mission Carb Balance,8,Flour - Fajita Size,47087807,https://www.target.com/p/mission-carb-balance-super-soft-flour-tortillas-8oz-8ct/-/A-47087807#lnk=sametab,ok,3.99,USD,"dom:[data-test=""module-product-detail-price-v2""] [data-test=""text-quill-insert-0""]",4.29,4.29,,0.0699300699300699,🏷️ On Sale / Price Drop,0.4988,db,https://target.scene7.com/is/image/Target/GUEST_017109ac-8e30-4d42-9fac-ca2fcb92a8c5?wid=1200&hei=1200&qlt=80,online_only,online_only,0,1
2026-10-02T18:53:19.357678+00:00,Target,Wraps,Food,Mission,Mission Carb Balance,8,Whole Wheat - Fajita Size,14769396,https://www.target.com/p/mission-carb-balance-fajita-size-whole-wheat-flour-tortillas-8oz-8ct/-/A-14769396#lnk=sametab,ok,3.99,USD,"dom:[data-test=""module-product-detail-price-v2""] [data-test=""text-quill-insert-0""]",4.29,4.29,,0.0699300699300699,🏷️ On Sale / Price Drop,0.4988,db,https://target.scene7.com/is/image/Target/GUEST_b6c8c3b1-ea63-4339-b0bb-62c8856302fb?wid=1200&hei=1200&qlt=80,online_only,online_only,0,1
2026-10-02T18:18:07.970935+00:00,Kroger,Bars,Food,Barebells,Barebells Protein Bar,1,Caramel Cashew,0085000042909,https://www.kroger.com/p/barebells-caramel-cashew-protein-bar/0085000042909,ok,2.79,USD,kroger_api,2.99,2.99,2.99,0.06688963210702346,🏷️ On Sale / Price Drop,2.7900,db,https://www.kroger.com/product/images/xlarge/front/0085000042909,both,both,1,1
2026-10-02T18:18:09.608504+00:00,Kroger,Bars,Food,Barebells,Barebells Soft Bar,1,Caramel Choco,0085006495000,https://www.kroger.com/p/barebells-soft-caramel-choco-protein-bar/0085006495000,ok,2.79,USD,kroger_api,2.99,2.99,2.99,0.06688963210702346,🏷️ On Sale / Price Drop,2.7900,db,https://www.kroger.com/product/images/xlarge/front/0085006495000,both,both,1,1
2026-10-02T18:18:11.575389+00:00,Kroger,Bars,Food,Barebells,Barebells Protein Bar,1,Chocolate Dough,0085000042926,https://www.kroger.com/p/barebells-chocolate-dough-protein-bar/0085000042926,ok,2.79,USD,kroger_api,2.99,2.99,2.99,0.06688963210702346,🏷️ On Sale / Price Drop,2.7900,db,https://www.kroger.com/product/images/xlarge/front/0085000042926,both,both,1,1
2026-10-02T18:18:13.172229+00:00,Kroger,Bars,Food,Barebells,Barebells Protein Bar,1,Cookes & Caramel,0085005410854,https://www.kroger.com/p/barebells-cookies-caramel-protein-bar/0085005410854,ok,2.79,USD,kroger_api,2.99,2.99,2.99,0.06688963210702346,🏷️ On Sale / Price Drop,2.7900,db,https://www.kroger.com/product/images/xlarge/front/0085005410854,both,both,1,1
2026-10-02T18:18:14.765238+00:00,Kroger,Bars,Food,Barebells,Barebells Protein Bar,1,Cookies & Cream,0085000042911,https://www.kroger.com/p/barebells-cookies-cream-protein-bar-55g/0085000042911,ok,2.79,USD,kroger_api,2.99,2.99,2.99,0.06688963210702346,🏷️ On Sale / Price Drop,2.7900,db,https://www.kroger.com/product/images/xlarge/front/0085000042911,both,both,1,1
2026-10-02T18:18:17.107092+00:00,Kroger,Bars,Food,Barebells,Barebells Protein Bar,1,Creamy Crisp,0085000042941,https://www.kroger.com/p/barebells-creamy-crisp-protein-bar/0085000042941,ok,2.79,USD,kroger_api,2.99,2.99,2.99,0.06688963210702346,🏷️ On Sale / Price Drop,2.7900,db,https://www.kroger.com/product/images/xlarge/front/0085000042941,both,both,1,1
2026-10-02T18:18:18.583753+00:00,Kroger,Bars,Food,Barebells,Barebells Soft Bar,1,Peanut Caramel,0085006495004,https://www.kroger.com/p/barebells-salted-peanut-caramel-soft-protein-bar/0085006495004,ok,2.79,USD,kroger_api,2.99,2.99,2.99,0.06688963210702346,🏷️ On Sale / Price Drop,2.7900,db,https://www.kroger.com/product/images/xlarge/front/0085006495004,both,both,1,1
2026-10-02T18:18:20.210220+00:00,Kroger,Bars,Food,Barebells,Barebells Protein Bar,1,Salty Peanut,0085000042908,https://www.kroger.com/p/barebells-salty-peanut-protein-bars/0085000042908,ok,2.79,USD,kroger_api,2.99,2.99,2.99,0.06688963210702346,🏷️ On Sale / Price Drop,2.7900,db,https://www.kroger.com/product/images/xlarge/front/0085000042908,both,both,1,1
2026-10-02T18:22:17.641192+00:00,Kroger,Bars,Food,Barebells,Barebells Protein Bar,1,Brownie Batter,0085007577844,https://www.kroger.com/p/barebells-brownie-batter-protein-bar/0085007577844,ok,2.79,USD,kroger_api,2.99,2.99,2.99,0.06688963210702346,🏷️ On Sale / Price Drop,2.7900,db,https://www.kroger.com/product/images/xlarge/front/0085007577844,both,both,1,1
2026-10-02T18:23:08.561022+00:00,Kroger,Bars,Food,Barebells,Barebells Protein Bar,1,Peanut Butter,0085006495037,https://www.kroger.com/p/barebells-peanut-butter-protein-bar/0085006495037,ok,2.79,USD,kroger_api,2.99,2.99,2.99,0.06688963210702346,🏷️ On Sale / Price Drop,2.7900,db,https://www.kroger.com/product/images/xlarge/front/0085006495037,both,both,1,1
2026-10-02T18:32:57.030823+00:00,Target,Bars,Food,Barebells,Barebells Protein Bar,12,Cookies & Cream,83942841,https://www.target.com/p/barebells-nutrition-bars-cookies-cream/-/A-83942841,ok,27.99,USD,"dom:[data-test=""module-product-detail-price-v2""] [data-test=""text-quill-insert-0""]",29.99,29.99,,0.06668889629876626,🏷️ On Sale / Price Drop,2.3325,db,https://target.scene7.com/is/image/Target/GUEST_fa246207-5fe6-4bf7-81e0-0b6b1389a63b?wid=600&hei=600&qlt=80,online_only,online_only,,1
2026-10-02T18:33:10.651940+00:00,Target,Bars,Food,Barebells,Barebells Protein Bar,12,Caramel Cashew,83942844,https://www.target.com/p/barebells-nutrition-bars-caramel-cashew/-/A-83942844,ok,27.99,USD,"dom:[data-test=""module-product-detail-price-v2""] [data-test=""text-quill-insert-0""]",29.99,29.99,,0.06668889629876626,🏷️ On Sale / Price Drop,2.3325,db,https://target.scene7.com/is/image/Target/GUEST_7a272a2a-21ee-4fa7-ba04-5fb7a3ab7f7e?wid=600&hei=600&qlt=80,online_only,online_only,,1
2026-10-02T18:34:01.506965+00:00,Target,Bars,Food,Barebells,Barebells Protein Bar,12,Salty Peanut,83942843,https://www.target.com/p/barebells-nutrition-bars-salty-peanut-7-76oz-4pk/-/A-83942843,ok,27.99,USD,"dom:[data-test=""module-product-detail-price-v2""] [data-test=""text-quill-insert-0""]",29.99,29.99,,0.06668889629876626,🏷️ On Sale / Price Drop,2.3325,db,https://target.scene7.com/is/image/Target/GUEST_da236175-24bb-4fa3-9ce7-eb8cfc04e65e?wid=600&hei=600&qlt=80,online_only,online_only,,1
2026-10-02T18:50:37.628450+00:00,Target,Cookies & Sweets,Food,Catalina Crunch,Catalina Crunch Snack Mix,5,Traditional,95114501,https://www.target.com/p/catalina-crunch-variety-pack-traditional-snack-mix-6-15oz-5ct/-/A-95114501#lnk=sametab,ok,7.49,USD,"dom:[data-test=""module-product-detail-price-v2""] [data-test=""text-quill-insert-0""]",7.99,7.99,,0.0625782227784731,🏷️ On Sale / Price Drop,1.4980,db,https://target.scene7.com/is/image/Target/GUEST_36ffe921-3360-45a6-a49e-d6580408d0e0?wid=1200&hei=1200&qlt=80,both,both,1,1
2026-10-02T17:57:21.900375+00:00,Walmart,Protein Powder,Food,Isopure,Isopure Whey Protein Isolate,1,Chocolate,16522658589,https://www.walmart.com/ip/Isopure-Zero-Carb-100-Whey-Protein-Isolate-Powder-Creamy-Vanilla-25g-Protein-15-Servings-Tub/16522658589?filters=%5B%7B%22intent%22%3A%22fulfillmentIntent%22%2C%22values%22%3A%5B%22In-store%22%5D%7D%5D,ok,32.8,USD,dom_hero,34.97,34.97,,0.062053188447240545,🏷️ On Sale / Price Drop,32.8000,db,https://i5.walmartimages.com/seo/Isopure-Low-Carb-100-Pure-Whey-Isolate-Protein-Powder-Dutch-Chocolate-25g-Protein-14-Servings-Tub_e5808ec0-d09a-4c9b-8318-405453d57ce9.e737a1571035fb08d83da10ed16981c4.jpeg?odnHeight=573&odnWidth=573&odnBg=FFFFFF,both,both,1,1
2026-10-02T17:29:22.961126+00:00,Walmart,Bars,Food,Quest,Quest Protein Bar,4,Strawberry Shortcake,14941900761,https://www.walmart.com/ip/Quest-Nutrition-20g-nbsp-Protein-Bar-Strawberry-Shortcake-4pk-2-12oz/14941900761,ok,8.89,USD,dom_hero,9.47,9.47,,0.06124604012671595,🏷️ On Sale / Price Drop,2.2225,db,https://i5.walmartimages.com/asr/07880d75-36f5-44ca-a9e5-52ebcd8d94b9.568164c64cea53d360853c36b09199b0.png?odnHeight=2000&odnWidth=2000&odnBg=FFFFFF,both,both,1,1
2026-10-02T18:52:10.516855+00:00,Target,Wraps,Food,La Banderita,La Banderita Carb Counter,8,Flour Tortilla Wraps,79628828,https://www.target.com/p/la-banderita-carb-counter-keto-friendly-white-tortilla-wraps-11-9oz-8ct/-/A-79628828#lnk=sametab,ok,4.69,USD,"dom:[data-test=""module-product-detail-price-v2""] [data-test=""text-quill-insert-0""]",4.99,4.99,,0.06012024048096189,🏷️ On Sale / Price Drop,0.5863,db,https://target.scene7.com/is/image/Target/GUEST_d6d0c90a-c59f-4367-aa48-0012a733f7d3?wid=1200&hei=1200&qlt=80,online_only,online_only,,1
2026-10-02T18:55:21.990586+00:00,Target,Wraps,Food,Ole,Ole Xtreme Wellness,8,Xtreme Wellness High Fiber Tortilla Wrap,50325179,https://www.target.com/p/ole-xtreme-wellness-high-fiber-low-carb-keto-friendly-tortilla-wraps-12-7oz-8ct/-/A-50325179#lnk=sametab,ok,4.89,USD,"dom:[data-test=""module-product-detail-price-v2""] [data-test=""text-quill-insert-0""]",5.19,5.19,,0.057803468208092616,🏷️ On Sale / Price Drop,0.6112,db,https://target.scene7.com/is/image/Target/GUEST_f67d41d6-5f21-4c58-99bf-712d7da44e34?wid=1200&hei=1200&qlt=80,online_only,online_only,,1
2026-10-02T18:29:07.437862+00:00,Meijer,Bars,Food,ALOHA,ALOGA Vegan Protein Bar,5,Mint Chocolate,84209617777,https://www.meijer.com/shopping/product/aloha-mint-chocolate-5-ct/84209617777.html,ok,9.89,USD,graphql,10.49,10.49,,0.057197330791229704,🏷️ On Sale / Price Drop,1.9780,db,https://www.meijer.com/content/dam/meijer/product/0842/09/6177/77/0842096177774_0_A1C1_0600.jpg,in_store,in_store,1,0
2026-10-02T18:42:58.397641+00:00,Target,Bars,Food,Larabar,Larabar,18,Peanut Butter Chocolate Chip,80014031,https://www.target.com/p/larabar-peanut-butter-chocolate-chip-protein-bar/-/A-80014031,ok,17.99,USD,"dom:[data-test=""module-product-detail-price-v2""] [data-test=""text-quill-insert-0""]",18.99,18.99,,0.05265929436545551,🏷️ On Sale / Price Drop,0.9994,db,https://target.scene7.com/is/image/Target/GUEST_10168acd-fc09-4d39-a4c3-a65fabc08a34?wid=1200&hei=1200&qlt=80,both,both,1,1
2026-10-02T17:32:15.417377+00:00,Walmart,Chips & Crunchy,Food,Quest,Quest Protein Chips,12,Chili Lime,14453163366,https://www.walmart.com/ip/Quest-Tortilla-Style-Protein-Chips-with-20g-of-Protein-Chili-Lime-Flavor-1-1-Oz-Single/14453163366,ok,26.98,USD,dom_hero,28.44,28.44,,0.05133614627285516,🏷️ On Sale / Price Drop,2.2483,db,https://i5.walmartimages.com/seo/Quest-Tortilla-Style-Protein-Chips-Chili-Lime-Flavored-Baked-1-1oz-Bags-12-Count_d8d1512a-2d96-42f8-a375-d9f594c7ce6a.9bacbd267a0cc18f9adf50af2e587e79.jpeg?odnHeight=2000&odnWidth=2000&odnBg=FFFFFF,both,both,1,1
2026-10-02T18:10:57.311489+00:00,Walmart,Wraps,Food,La Banderita,La Banderita Carb Counter,8,Snack Size Flour Tortilla,338018955,https://www.walmart.com/ip/La-Banderita-Carb-Counter-Snack-Size-Flour-Tortillas-7-9-oz-8-Count/338018955?classType=VARIANT&from=/search,ok,3.77,USD,dom_hero,3.97,3.97,,0.05037783375314866,🏷️ On Sale / Price Drop,0.4713,db,https://i5.walmartimages.com/seo/La-Banderita-Carb-Counter-Snack-Size-Flour-Tortillas-7-9-oz-8-Count_ef66303b-793f-4b7a-9fd0-e1b823276f02.330bff6fe19a6037e1870b7f30258468.png?odnHeight=576&odnWidth=576&odnBg=FFFFFF,in_store,in_store,1,0
2026-10-02T18:28:33.515211+00:00,Meijer,Bars,Food,Barebells,Barebells Protein Bar,4,Chocolate Dough,85000042962,https://www.meijer.com/shopping/product/chocolate-dough/85000042962.html,ok,9.49,USD,graphql,9.99,9.99,,0.050050050050050046,🏷️ On Sale / Price Drop,2.3725,db,https://www.meijer.com/content/dam/meijer/product/0850/00/0429/62/0850000429628_0_A1C1_0600.png,in_store,in_store,1,0
2026-10-02T18:28:34.675740+00:00,Meijer,Bars,Food,Barebells,Barebells Protein Bar,4,Cookies & Cream,85000042959,https://www.meijer.com/shopping/product/cookies-cream/85000042959.html,ok,9.49,USD,graphql,9.99,9.99,,0.050050050050050046,🏷️ On Sale / Price Drop,2.3725,db,https://www.meijer.com/content/dam/meijer/product/0850/00/0429/59/0850000429598_0_A1C1_0600.png,in_store,in_store,1,0
2026-10-02T18:28:35.741819+00:00,Meijer,Bars,Food,Barebells,Barebells Protein Bar,4,Creamy Crisp,85005410848,https://www.meijer.com/shopping/product/barebells-bar-creamy-crisp-4-ct/85005410848.html,ok,9.49,USD,graphql,9.99,9.99,,0.050050050050050046,🏷️ On Sale / Price Drop,2.3725,db,https://www.meijer.com/content/dam/meijer/product/0850/05/4108/48/0850054108487_1_A1C1_0600.jpg,in_store,in_store,1,0
2026-10-02T18:28:36.663847+00:00,Meijer,Bars,Food,Barebells,Barebells Protein Bar,4,Caramel Cashew,85000042961,https://www.meijer.com/shopping/product/barebells-bar-caramel-cashew-4-ct/85000042961.html,ok,9.49,USD,graphql,9.99,9.99,,0.050050050050050046,🏷️ On Sale / Price Drop,2.3725,db,https://www.meijer.com/content/dam/meijer/product/0850/00/0429/61/0850000429611_1_A1C1_0600.jpg,in_store,in_store,1,0
2026-10-02T18:28:37.472866+00:00,Meijer,Bars,Food,Barebells,Barebells Protein Bar,4,Peanut Butter,85006495039,https://www.meijer.com/shopping/product/barebells-bar-peanut-butter-4-pk/85006495039.html,ok,9.49,USD,graphql,9.99,9.99,,0.050050050050050046,🏷️ On Sale / Price Drop,2.3725,db,https://www.meijer.com/content/dam/meijer/product/0850/06/4950/39/0850064950397_0_A1C1_0600.jpg,in_store,in_store,1,0
2026-10-02T18:28:38.520490+00:00,Meijer,Bars,Food,Barebells,Barebells Protein Bar,4,Wild Cherry,85006495063,https://www.meijer.com/shopping/product/barebells-wild-cherry-4-ct/85006495063.html,ok,9.49,USD,graphql,9.99,9.99,,0.050050050050050046,🏷️ On Sale / Price Drop,2.3725,db,https://www.meijer.com/content/dam/meijer/product/0850/06/4950/63/0850064950632_0_A1C1_0600.jpg,in_store,in_store,1,0
2026-10-02T18:28:39.322651+00:00,Meijer,Bars,Food,Barebells,Barebells Protein Bar,4,Key Lime Pie,85006495043,https://www.meijer.com/shopping/product/barebells-key-lime-pie-4-ct/85006495043.html,ok,9.49,USD,graphql,9.99,9.99,,0.050050050050050046,🏷️ On Sale / Price Drop,2.3725,db,https://www.meijer.com/content/dam/meijer/product/0850/06/4950/43/0850064950434_0_A1C1_0600.jpg,in_store,in_store,1,0
2026-10-02T18:28:40.443792+00:00,Meijer,Bars,Food,Barebells,Barebells Protein Bar,4,Cookies & Caramel,85005410880,https://www.meijer.com/shopping/product/barebells-bar-cookies-caramel-4-ct/85005410880.html,ok,9.49,USD,graphql,9.99,9.99,,0.050050050050050046,🏷️ On Sale / Price Drop,2.3725,db,https://www.meijer.com/content/dam/meijer/product/0850/05/4108/80/0850054108807_0_A1C1_0600.jpg,in_store,in_store,1,0
2026-10-02T18:20:40.346893+00:00,Kroger,Meat Snack,Food,Chomps,Chomps Meat Sticks,8,Original Beef,0085001589252,https://www.kroger.com/p/chomps-grass-fed-and-finished-original-beef-meat-sticks-8-count/0085001589252?fulfillment=PICKUP&searchType=default_search,ok,18.99,USD,kroger_api,19.99,19.99,19.99,0.05002501250625313,🏷️ On Sale / Price Drop,2.3737,db,https://www.kroger.com/product/images/xlarge/front/0085001589252,both,both,1,1
2026-10-02T18:20:42.552038+00:00,Kroger,Meat Snack,Food,Chomps,Chomps Meat Sticks,8,Jalapeno Beef,0085001589267,https://www.kroger.com/p/chomps-grass-fed-and-finished-jalape-o-beef-meat-sticks-8-count/0085001589267?fulfillment=PICKUP,ok,18.99,USD,kroger_api,19.99,19.99,19.99,0.05002501250625313,🏷️ On Sale / Price Drop,2.3737,db,https://www.kroger.com/product/images/xlarge/front/0085001589267,both,both,1,1
2026-10-02T18:23:44.735041+00:00,Kroger,Meat Snack,Food,Chomps,Chomps Meat Sticks,1,Original Turkey,0085005362414,https://www.kroger.com/p/chomps-original-turkey-snack-sticks/0085005362414,ok,18.99,USD,kroger_api,19.99,19.99,19.99,0.05002501250625313,🏷️ On Sale / Price Drop,18.9900,db,https://www.kroger.com/product/images/xlarge/front/0085005362414,both,both,1,1
2026-10-02T18:23:46.216030+00:00,Kroger,Meat Snack,Food,Chomps,Chomps Meat Sticks,1,Sea Salt,0085005362413,https://www.kroger.com/p/chomps-sea-salt-beef-snack-sticks/0085005362413,ok,18.99,USD,kroger_api,19.99,19.99,19.99,0.05002501250625313,🏷️ On Sale / Price Drop,18.9900,db,https://www.kroger.com/product/images/xlarge/front/0085005362413,both,both,1,1
